sample,cosine_similarity,reconstruction_error
TCGA-05-4244-01A-01D-1105-08,0.9444465343754669,32.63601576499824
TCGA-05-4249-01A-01D-1105-08,0.9387517755128382,49.33723837881209
TCGA-05-4250-01A-01D-1105-08,0.9321462013744168,56.299310759614734
TCGA-05-4382-01A-01D-1931-08,0.9891066919392039,289.67999696015266
TCGA-05-4384-01A-01D-1753-08,0.9003110819666417,21.232536845370568
TCGA-05-4389-01A-01D-1265-08,0.9604660566050481,38.00428401764751
TCGA-05-4390-01A-02D-1753-08,0.9798681930102981,81.38118633055652
TCGA-05-4395-01A-01D-1265-08,0.9585660341219563,49.084870224325094
TCGA-05-4396-01A-21D-1855-08,0.9398192878717037,34.55429112948627
TCGA-05-4397-01A-01D-1265-08,0.982480809749199,121.46896274804298
TCGA-05-4398-01A-01D-1265-08,0.9801568834660054,105.40205707046312
TCGA-05-4402-01A-01D-1265-08,0.9707801364318612,28.64175087728203
TCGA-05-4403-01A-01D-1265-08,0.8840884933078644,21.91942371377595
TCGA-05-4405-01A-21D-1855-08,0.9627984036677337,49.555061083335424
TCGA-05-4410-01A-21D-1855-08,0.9773005560573481,169.11602262531704
TCGA-05-4415-01A-22D-1855-08,0.9470289780320218,34.61298189624696
TCGA-05-4417-01A-22D-1855-08,0.9509397801206229,45.29392464193458
TCGA-05-4418-01A-01D-1265-08,0.9528441551904546,42.81718748226364
TCGA-05-4420-01A-01D-1265-08,0.9713525087232501,44.378027893688284
TCGA-05-4424-01A-22D-1855-08,0.9737445859408719,108.88051640337059
TCGA-05-4427-01A-21D-1855-08,0.9753023060355417,141.24347208829752
TCGA-05-4430-01A-02D-1265-08,0.9509387933137404,36.872342251681324
TCGA-05-4432-01A-01D-1265-08,0.975115413050021,85.59772047380929
TCGA-05-5423-01A-01D-1625-08,0.928788862692881,24.722373195278347
TCGA-05-5425-01A-02D-1625-08,0.9732243675604142,88.724947690572
TCGA-05-5428-01A-01D-1625-08,0.9793957195960478,69.638044954403
TCGA-05-5715-01A-01D-1625-08,0.9535683870606991,30.734566392811992
TCGA-06-5416-01A-01D-1486-08,0.991039651266598,4296.388441476074
TCGA-06-5858-01A-01D-1696-08,0.9644493381543199,81.87710225632131
TCGA-12-0775-01A-01W-0348-08,0.9180512162161806,19.299531708306766
TCGA-12-0829-01A-01W-0424-08,0.9698663177164274,28.91883626008573
TCGA-14-0871-01A-01W-0424-08,0.9110360116243034,16.955079860351624
TCGA-14-1396-01A-01W-0611-08,0.969846975676726,34.35532787938531
TCGA-14-1795-01A-01W-0643-08,0.9799988291853508,46.00481856999835
TCGA-16-0848-01A-01D-1492-08,0.9729088212701825,146.66614941176044
TCGA-16-0848-01A-01W-0424-08,0.9750931871352652,107.08279754375963
TCGA-17-Z000-01A-01W-0746-08,0.9254203410618576,19.956239709196016
TCGA-17-Z001-01A-01W-0746-08,0.9468210210951862,26.99968605537977
TCGA-17-Z003-01A-01W-0746-08,0.9212698287763802,30.102468367634955
TCGA-17-Z010-01A-01W-0746-08,0.9615829408332168,45.49773227797108
TCGA-17-Z011-01A-01W-0746-08,0.8731620289411772,16.585100435120623
TCGA-17-Z015-01A-01W-0746-08,0.964239401674311,68.58879672999835
TCGA-17-Z016-01A-01W-0746-08,0.9727287826891556,46.773268708085965
TCGA-17-Z017-01A-01W-0746-08,0.9264523535754358,29.40274795358974
TCGA-17-Z018-01A-01W-0746-08,0.9457932572254741,42.44076774945477
TCGA-17-Z020-01A-01W-0746-08,0.9491748428429889,19.63445516388761
TCGA-17-Z021-01A-01W-0746-08,0.9273597362316498,20.64623448021346
TCGA-17-Z022-01A-01W-0746-08,0.9831374298799511,178.8597094844301
TCGA-17-Z023-01A-01W-0746-08,0.9476520105254039,56.3353189865799
TCGA-17-Z025-01A-01W-0746-08,0.9424896173414969,40.66305187550934
TCGA-17-Z026-01A-01W-0746-08,0.9907395968366323,208.46363342689247
TCGA-17-Z028-01A-01W-0746-08,0.9613684055638487,72.37475811732064
TCGA-17-Z030-01A-01W-0746-08,0.9725784522081307,85.63794773083585
TCGA-17-Z031-01A-01W-0746-08,0.9862348416215004,352.828542407494
TCGA-17-Z033-01A-01W-0746-08,0.9355259857256132,25.584493260072364
TCGA-17-Z037-01A-01W-0746-08,0.9717310344118191,29.754793729496672
TCGA-17-Z042-01A-01W-0746-08,0.974673674553541,76.08875622451873
TCGA-17-Z043-01A-01W-0746-08,0.9364169682729678,27.624676124036444
TCGA-17-Z044-01A-01W-0746-08,0.914598881035725,18.851683404387863
TCGA-17-Z045-01A-01W-0746-08,0.9797533010610595,97.40670277280434
TCGA-17-Z049-01A-01W-0746-08,0.9754688779116248,78.3401048143651
TCGA-17-Z050-01A-01W-0747-08,0.9328786303475,25.66012879079579
TCGA-17-Z051-01A-01W-0747-08,0.8735187375372133,17.635878244436714
TCGA-17-Z052-01A-01W-0747-08,0.8558237994035984,17.77222288951404
TCGA-17-Z053-01A-01W-0747-08,0.9498537557046643,35.21427633102299
TCGA-17-Z055-01A-01W-0747-08,0.9744150111875718,91.54326020549658
TCGA-17-Z056-01A-01W-0747-08,0.9757743101490188,68.0658392937803
TCGA-17-Z057-01A-01W-0747-08,0.9870512960222481,78.41281358801943
TCGA-17-Z059-01A-01W-0747-08,0.931620609778277,26.06830854451578
TCGA-17-Z061-01A-01W-0747-08,0.8945046885812773,24.0746987216593
TCGA-17-Z062-01A-01W-0747-08,0.9742702048459261,70.22744106439039
TCGA-19-0957-02A-11D-2280-08,0.9619669729614456,25.530289205713576
TCGA-19-1390-01A-01D-1495-08,0.9287931736998657,22.615196976461867
TCGA-19-1390-01A-01W-0922-08,0.944993761572472,25.636376160390824
TCGA-19-1787-01B-01D-1495-08,0.979975912176907,267.18772228653074
TCGA-19-1787-01B-01W-0922-08,0.9852569413703157,238.20016693256179
TCGA-19-2620-01A-01W-0922-08,0.9525184753636827,23.436075630076353
TCGA-19-5956-01A-11D-1696-08,0.9952700500609989,2166.78334535853
TCGA-32-2616-01A-01D-1495-08,0.9844722305145615,546.2652391518649
TCGA-32-2616-01A-01W-0922-08,0.9967611106285527,295.84774545292123
TCGA-35-4122-01A-01D-1105-08,0.9678227095136434,44.4465653334141
TCGA-35-4123-01A-01D-1105-08,0.9614623996248716,47.036369402514765
TCGA-35-5375-01A-01D-1625-08,0.9510573467303404,58.77555227900959
TCGA-38-4625-01A-01D-1553-08,0.9591583315901921,104.51517395072878
TCGA-38-4626-01A-01D-1553-08,0.9432279405453303,34.40670731185806
TCGA-38-4628-01A-01D-1265-08,0.927469905594109,18.757235876202664
TCGA-38-4629-01A-02D-1265-08,0.9500384894919383,39.40997960548756
TCGA-38-4630-01A-01D-1265-08,0.9758487157443564,25.648511551741226
TCGA-38-4631-01A-01D-1753-08,0.9697501243907359,110.39264074419486
TCGA-38-4632-01A-01D-1753-08,0.9627789471858064,73.95326146704696
TCGA-3C-AALI-01A-11D-A41F-09,0.9859807525619746,171.70157870055561
TCGA-44-2655-01A-01D-1553-08,0.9523418894352074,31.890297182910693
TCGA-44-2655-01A-01W-0928-08,0.9476269739261332,32.358977657666806
TCGA-44-2656-01A-02D-0969-08,0.9727805089634738,144.12659447605162
TCGA-44-2656-01A-02D-A271-08,0.9734776349805819,134.06303228559685
TCGA-44-2656-01A-02W-0928-08,0.9743589032301947,129.63439512280402
TCGA-44-2656-01A-12D-A27T-08,0.9700030204777871,138.1001287371586
TCGA-44-2656-01A-41D-A27T-08,0.9770765815125679,142.13912157594083
TCGA-44-2656-01B-06D-A271-08,0.9819018247004876,119.40361910098224
TCGA-44-2657-01A-01D-1105-08,0.9771493852065988,62.12249675392733
TCGA-44-2662-01A-01D-0969-08,0.9795360851799771,57.04529042046216
TCGA-44-2662-01A-01D-A271-08,0.9740641472801828,51.49411404015131
TCGA-44-2662-01A-01W-0928-08,0.9794300478515775,51.04562574303809
TCGA-44-2662-01B-02D-A271-08,0.9711847224091034,47.691691031157205
TCGA-44-2668-01A-01D-0969-08,0.9611910535897876,61.52716273559444
TCGA-44-2668-01A-01D-A271-08,0.9459681165396439,57.814968505164565
TCGA-44-2668-01A-01W-0928-08,0.9608211458936031,61.91136877696451
TCGA-44-2668-01B-02D-A271-08,0.9213555219736235,37.001131227257
TCGA-44-3396-01A-01D-1553-08,0.9227866508507071,36.34186719457183
TCGA-44-3398-01A-01D-1105-08,0.8931085394851521,29.71245771758883
TCGA-44-3917-01A-01D-A271-08,0.9485638834696123,36.12767555744829
TCGA-44-3917-01B-02D-A271-08,0.9482207896666915,36.431603874690225
TCGA-44-3918-01A-01D-1105-08,0.9690864810874383,152.00907734271235
TCGA-44-3918-01A-01D-A271-08,0.9694459684936154,159.52701539844242
TCGA-44-3918-01B-02D-A271-08,0.9756891927946827,152.84047139796132
TCGA-44-4112-01A-01D-1105-08,0.9688836643292523,65.44614084088143
TCGA-44-4112-01A-01D-1458-08,0.9674284905588931,69.54036827929849
TCGA-44-4112-01A-01D-A271-08,0.9660979391196705,68.19170640866268
TCGA-44-4112-01A-22D-A27T-08,0.9721966096834983,71.70767601494929
TCGA-44-4112-01A-31D-A27T-08,0.9721026206976563,77.46804081162438
TCGA-44-4112-01B-06D-A271-08,0.968733351133965,52.77233375018039
TCGA-44-5643-01A-01D-1625-08,0.8805939970388144,24.136680435677473
TCGA-44-5644-01A-21D-2036-08,0.9754477380850645,150.01030104181092
TCGA-44-6144-01A-11D-1753-08,0.9202987660684424,34.16964699762282
TCGA-44-6145-01A-11D-1753-08,0.8964117057296187,55.702898954343546
TCGA-44-6147-01A-11D-1753-08,0.9174444106418082,27.472641063708114
TCGA-44-6147-01A-11D-A271-08,0.9236130946272247,30.55370593861905
TCGA-44-6147-01A-21D-A27T-08,0.9337463733205408,34.56085411743353
TCGA-44-6147-01A-31D-A27T-08,0.8834338955921325,19.28226007239541
TCGA-44-6147-01B-06D-A271-08,0.9047723772266022,24.052937386617927
TCGA-44-6774-01A-21D-1855-08,0.930463425860727,45.78026445951588
TCGA-44-6776-01A-11D-1855-08,0.916534425283859,29.345119824016514
TCGA-44-6777-01A-11D-1855-08,0.9685996338594186,53.139049594815255
TCGA-44-6778-01A-11D-1855-08,0.9712323707410663,60.96604284082391
TCGA-44-7659-01A-11D-2063-08,0.8439885786997099,24.519809115727938
TCGA-44-7660-01A-11D-2063-08,0.9520639868758267,46.335455330190385
TCGA-44-7661-01A-11D-2063-08,0.9233012278409156,36.76481887160703
TCGA-44-7662-01A-11D-2063-08,0.9813331225228424,85.46156361560723
TCGA-44-7667-01A-31D-2063-08,0.9671721342007401,70.16957071907926
TCGA-44-7669-01A-21D-2063-08,0.9644498798761624,68.359792188282
TCGA-44-7670-01A-11D-2063-08,0.9755907020551347,168.9845445693308
TCGA-44-7671-01A-11D-2063-08,0.9223931565401683,34.56202068642076
TCGA-44-7672-01A-11D-2063-08,0.9034097482522261,24.71521300027468
TCGA-44-8117-01A-11D-2238-08,0.9829272995343419,120.47992766188858
TCGA-44-8119-01A-11D-2238-08,0.9698717120464899,92.90685068083606
TCGA-44-8120-01A-11D-2238-08,0.9708046411253599,100.1514230231301
TCGA-44-A479-01A-31D-A24D-08,0.9638113146507014,47.34262540163734
TCGA-44-A47A-01A-21D-A24D-08,0.9605021922873359,35.143711737857714
TCGA-44-A4SS-01A-11D-A24P-08,0.9614511030233581,67.6422751033311
TCGA-44-A4SU-01A-11D-A24P-08,0.9174205042032261,20.56123335134109
TCGA-49-4486-01A-01D-1265-08,0.9633303721775653,32.14651871756804
TCGA-49-4487-01A-21D-1855-08,0.9593030837469974,52.78653507656804
TCGA-49-4488-01A-01D-1753-08,0.9651122488475916,43.736706072617665
TCGA-49-4494-01A-01D-1265-08,0.9120104979612074,32.55988977501574
TCGA-49-4505-01A-01D-1931-08,0.9432513734597314,33.25688654801069
TCGA-49-4506-01A-01D-1265-08,0.8636776608818887,18.402829050443778
TCGA-49-4507-01A-01D-1265-08,0.9304072409701362,30.052387225715727
TCGA-49-4514-01A-21D-1855-08,0.9744378223657758,56.169334203519334
TCGA-49-6742-01A-11D-1855-08,0.9639803842743129,60.10664762094961
TCGA-49-6743-01A-11D-1855-08,0.9770843843119066,118.91428581626306
TCGA-49-6744-01A-11D-1855-08,0.9374626349222377,32.63394728625079
TCGA-49-6745-01A-11D-1855-08,0.9608027052386305,31.137864809065572
TCGA-49-6761-01A-31D-1945-08,0.9642361355664786,34.07517126211806
TCGA-49-6767-01A-11D-1855-08,0.9512353641357113,72.29208031048593
TCGA-49-AAR0-01A-21D-A397-08,0.8928870115998812,20.39815689069416
TCGA-49-AAR2-01A-11D-A397-08,0.9787770196359573,69.93868926116896
TCGA-49-AAR3-01A-11D-A410-08,0.915494847361103,17.572977253878296
TCGA-49-AAR4-01A-12D-A410-08,0.9843147772862625,86.6248211478153
TCGA-49-AAR9-01A-21D-A410-08,0.9703402236510542,104.58013452911669
TCGA-49-AARE-01A-11D-A410-08,0.9781841032085101,184.0334804556725
TCGA-49-AARN-01A-21D-A410-08,0.988711114392484,119.17008139734735
TCGA-49-AARO-01A-12D-A410-08,0.9814660849078729,101.50975411451363
TCGA-49-AARQ-01A-11D-A410-08,0.9773901513544347,115.91073842172808
TCGA-4B-A93V-01A-11D-A397-08,0.9439068192017184,21.590512478687664
TCGA-50-5044-01A-21D-1855-08,0.978776905775878,37.96683565941954
TCGA-50-5045-01A-01D-1625-08,0.9513233170063028,50.297384229657716
TCGA-50-5049-01A-01D-1625-08,0.9785061498638506,122.73893001313456
TCGA-50-5051-01A-21D-1855-08,0.9212987191734825,18.75096928063025
TCGA-50-5066-01A-01D-1625-08,0.9574118353577391,38.9836697207804
TCGA-50-5066-02A-11D-2107-08,0.9587452194503541,51.55919005905444
TCGA-50-5072-01A-21D-1855-08,0.9165456436528069,25.621045063588575
TCGA-50-5930-01A-11D-1753-08,0.9825913853810743,188.4073002414616
TCGA-50-5931-01A-11D-1753-08,0.9444766664016978,41.47599785659054
TCGA-50-5933-01A-11D-1753-08,0.979272655049073,72.11769220533826
TCGA-50-5936-01A-11D-1625-08,0.9498623938418836,24.23140601935273
TCGA-50-5941-01A-11D-1753-08,0.967020603715975,51.57567460757194
TCGA-50-5946-01A-11D-1753-08,0.972913495269624,105.61987400915496
TCGA-50-5946-02A-11D-2107-08,0.9799073787034523,114.28248066949038
TCGA-50-6590-01A-12D-1855-08,0.9834414786400304,136.9063332131412
TCGA-50-6592-01A-11D-1753-08,0.9481863649901564,40.368889577405334
TCGA-50-6593-01A-11D-1753-08,0.9577473548172071,46.855896053768994
TCGA-50-6594-01A-11D-1753-08,0.9623364182262445,78.0408303053638
TCGA-50-7109-01A-11D-2036-08,0.9422614380128856,37.20524213426973
TCGA-53-7624-01A-11D-2063-08,0.985500031053161,121.65673174451437
TCGA-53-7626-01A-12D-2063-08,0.9729283281946719,56.30109059036665
TCGA-53-7813-01A-11D-2167-08,0.935004633762799,21.908268960988067
TCGA-53-A4EZ-01A-12D-A24P-08,0.9679894334215774,84.28431052128582
TCGA-55-1592-01A-01D-0969-08,0.9628472194880924,68.87128648428119
TCGA-55-1592-01A-01W-0928-08,0.9664614162661369,64.66957064491542
TCGA-55-1594-01A-01D-1040-01,0.9507334865553827,28.452198091957243
TCGA-55-1594-01A-01W-0928-08,0.9482500726455977,27.05692509650104
TCGA-55-1595-01A-01D-0969-08,0.9451517507011375,49.349119337389304
TCGA-55-1596-01A-01D-1040-01,0.9249005311309008,27.26595341895459
TCGA-55-1596-01A-01W-0928-08,0.9192098444214833,26.62094529404399
TCGA-55-5899-01A-11D-1625-08,0.9641306966873283,74.50977404873187
TCGA-55-6642-01A-11D-1855-08,0.9263056008468262,21.333466911165743
TCGA-55-6712-01A-11D-1855-08,0.9486018260980065,28.253934611027148
TCGA-55-6968-01A-11D-1945-08,0.9815385718461302,130.11385307204475
TCGA-55-6969-01A-11D-1945-08,0.9465632002444232,58.24181660565158
TCGA-55-6970-01A-11D-1945-08,0.9387097540951063,24.01102931883811
TCGA-55-6972-01A-11D-1945-08,0.9815722059570927,58.04324951947181
TCGA-55-6979-01A-11D-1945-08,0.8907256078010559,19.4053914195848
TCGA-55-6982-01A-11D-1945-08,0.9884964440629704,61.337821145654594
TCGA-55-6983-01A-11D-1945-08,0.9274043046096467,16.9848559598825
TCGA-55-6985-01A-11D-1945-08,0.9727953567260528,70.65553075884557
TCGA-55-6987-01A-11D-1945-08,0.9264145386381113,30.115686821466447
TCGA-55-7227-01A-11D-2036-08,0.9145030010843247,25.48438737878273
TCGA-55-7281-01A-11D-2036-08,0.957707602831835,61.80450022383059
TCGA-55-7283-01A-11D-2036-08,0.9410250018844593,34.3697291490821
TCGA-55-7570-01A-11D-2036-08,0.9645238159909503,53.97580217408469
TCGA-55-7574-01A-11D-2036-08,0.967385147190772,43.66318940324694
TCGA-55-7576-01A-11D-2063-08,0.9494715962193981,57.48012250641404
TCGA-55-7724-01A-11D-2167-08,0.9560966919087678,25.563000717815047
TCGA-55-7725-01A-11D-2167-08,0.9154057408680417,22.382073929554544
TCGA-55-7726-01A-11D-2167-08,0.9245213572333607,27.523853565686373
TCGA-55-7727-01A-11D-2167-08,0.9661723977716823,47.93036400113814
TCGA-55-7815-01A-11D-2167-08,0.8627423407102927,25.298394356349753
TCGA-55-7903-01A-11D-2167-08,0.935430628063558,24.93262811239643
TCGA-55-7907-01A-11D-2167-08,0.9875453193067085,188.62911578658955
TCGA-55-7910-01A-11D-2167-08,0.962521398349071,45.05477111177166
TCGA-55-7911-01A-11D-2167-08,0.9188155943570867,30.404768033106315
TCGA-55-7913-01B-11D-2238-08,0.9440474348479259,49.81851658486275
TCGA-55-7914-01A-11D-2167-08,0.9141146424491471,27.426865214348414
TCGA-55-7994-01A-11D-2184-08,0.9891248712577164,248.26162176505883
TCGA-55-7995-01A-11D-2184-08,0.9693812340523683,91.31386400315169
TCGA-55-8085-01A-11D-2238-08,0.9643730691316279,53.32479337713122
TCGA-55-8089-01A-11D-2238-08,0.9846467496522232,211.2993988680178
TCGA-55-8092-01A-11D-2238-08,0.9759132099982665,96.3342381771163
TCGA-55-8094-01A-11D-2238-08,0.9734006877929273,71.03133836859051
TCGA-55-8096-01A-11D-2238-08,0.8820121135117803,21.465344653422765
TCGA-55-8097-01A-11D-2238-08,0.9129986554505736,17.939216553669908
TCGA-55-8203-01A-11D-2238-08,0.9441826990037085,63.13188155748106
TCGA-55-8204-01A-11D-2238-08,0.9564275635249283,39.55750789137132
TCGA-55-8205-01A-11D-2238-08,0.979837702434509,88.17737159277094
TCGA-55-8207-01A-11D-2238-08,0.9558717483417888,49.67400107824737
TCGA-55-8208-01A-11D-2238-08,0.976636028122437,63.803910463545094
TCGA-55-8299-01A-11D-2284-08,0.9412146640828284,26.620679616709417
TCGA-55-8301-01A-11D-2284-08,0.9353931366918913,42.580079511134144
TCGA-55-8302-01A-11D-2323-08,0.966231996484719,114.36256708240978
TCGA-55-8506-01A-11D-2393-08,0.9862554369526919,267.3160231770188
TCGA-55-8507-01A-11D-2393-08,0.9805091315940166,160.12643676474656
TCGA-55-8508-01A-11D-2393-08,0.9185645383045676,27.18493407001339
TCGA-55-8510-01A-11D-2393-08,0.972874546939983,47.17024749238827
TCGA-55-8511-01A-11D-2393-08,0.9736535074125495,86.02376481802881
TCGA-55-8514-01A-11D-2393-08,0.9277905732468333,44.15649001921544
TCGA-55-8614-01A-11D-2393-08,0.9086113874140227,35.65923623325419
TCGA-55-8615-01A-11D-2393-08,0.8622420388586602,18.89257379895587
TCGA-55-8616-01A-11D-2393-08,0.9905338341491433,82.84128329443183
TCGA-55-8620-01A-11D-2393-08,0.9517334876221366,76.73588322515694
TCGA-55-A48X-01A-11D-A24D-08,0.9497165046094286,57.325089896814966
TCGA-55-A48Y-01A-11D-A24D-08,0.987571227372653,117.5870074746599
TCGA-55-A490-01A-11D-A24D-08,0.9841454176147283,217.01000752980949
TCGA-55-A491-01A-11D-A24D-08,0.9519608719219042,52.55546674060616
TCGA-55-A492-01A-11D-A24D-08,0.931055606785613,37.4986894850476
TCGA-55-A493-01A-11D-A24D-08,0.9532065579246918,43.30549935449008
TCGA-55-A494-01A-11D-A24P-08,0.9125035058835929,34.70878047546141
TCGA-55-A4DF-01A-11D-A24D-08,0.9936714402529088,202.67040257023737
TCGA-55-A4DG-01A-11D-A24D-08,0.9702407640779207,112.93878828465651
TCGA-5L-AAT0-01A-12D-A41F-09,0.9865147245596434,52.892277695759844
TCGA-5L-AAT1-01A-12D-A41F-09,0.9959533956055154,419.26523365841547
TCGA-62-8394-01A-11D-2323-08,0.9123609545542621,20.769025537927263
TCGA-62-8399-01A-21D-2323-08,0.9803095843401963,93.1949705304854
TCGA-62-A46O-01A-11D-A24D-08,0.976517785710432,133.44690188013405
TCGA-62-A46P-01A-11D-A24D-08,0.9712812941524034,47.05981457226104
TCGA-62-A46R-01A-11D-A24D-08,0.9133684169499787,24.278173720532006
TCGA-62-A46S-01A-11D-A24D-08,0.9021887944303981,20.94016437438798
TCGA-62-A470-01A-11D-A24D-08,0.8989112916415701,19.056376025297592
TCGA-62-A471-01A-12D-A24D-08,0.9696082398695439,28.32497267547963
TCGA-64-1676-01A-01D-0969-08,0.9729234499639806,96.10479841410627
TCGA-64-1676-01A-01W-0928-08,0.9718854991395127,92.44111170528735
TCGA-64-1677-01A-01W-0928-08,0.9514950794679976,33.22822290187725
TCGA-64-1678-01A-01W-0928-08,0.9742046461656554,71.17977007207574
TCGA-64-1679-01A-21D-2063-08,0.9783287482494439,80.72627650250602
TCGA-64-5774-01A-01D-1625-08,0.9077494282204742,25.492351457167615
TCGA-64-5775-01A-01D-1625-08,0.9747665516115122,78.494994011418
TCGA-64-5778-01A-01D-1625-08,0.9605521672722572,74.2088079319198
TCGA-64-5779-01A-01D-1625-08,0.9661371738998051,57.44870300966802
TCGA-64-5781-01A-01D-1625-08,0.9699378575256535,171.42535708628185
TCGA-64-5815-01A-01D-1625-08,0.9254956268460881,29.46558619632098
TCGA-67-3770-01A-01D-0969-08,0.9445559008923291,32.10099344816781
TCGA-67-3770-01A-01W-0928-08,0.9476560570635237,30.85232670437223
TCGA-67-3771-01A-01D-1040-01,0.9806906921023383,173.3210930403686
TCGA-67-3771-01A-01W-0928-08,0.9843221755324718,173.47991691419114
TCGA-67-3774-01A-01D-1040-01,0.8994976053460286,17.37404585043327
TCGA-67-4679-01B-01D-1753-08,0.9311669150605395,44.72095006788694
TCGA-67-6215-01A-11D-1753-08,0.9597057548759432,27.127961721422466
TCGA-67-6217-01A-11D-1753-08,0.9462076444063894,30.201751055065834
TCGA-69-7765-01A-11D-2167-08,0.9735578681848566,101.53929125563515
TCGA-69-7973-01A-11D-2184-08,0.9593888519378492,42.14407494340074
TCGA-69-7974-01A-11D-2184-08,0.9709179129014772,69.7371956515532
TCGA-69-7978-01A-11D-2184-08,0.9686128887481301,96.84262840173795
TCGA-69-7979-01A-11D-2184-08,0.9828127515725124,242.15975100598223
TCGA-69-7980-01A-11D-2184-08,0.9826336007764913,121.68721421590934
TCGA-69-8253-01A-11D-2284-08,0.8505974035608964,25.725792675104586
TCGA-69-8255-01A-11D-2284-08,0.9150511910766622,41.48381011643871
TCGA-69-A59K-01A-11D-A25L-08,0.9707608658367242,79.98932530357635
TCGA-73-4658-01A-01D-1753-08,0.9744282681238566,58.6637071369824
TCGA-73-4659-01A-01D-1265-08,0.8798558389971874,36.78515791640033
TCGA-73-4662-01A-01D-1265-08,0.9482091550078353,28.98675295450309
TCGA-73-4666-01A-01D-1265-08,0.9549438767262337,54.92357664190068
TCGA-73-4668-01A-01D-1265-08,0.9586326977322367,68.54895906052084
TCGA-73-4670-01A-01D-1265-08,0.9481111679486105,47.43803304042595
TCGA-73-4677-01A-01D-1265-08,0.9523934610924591,42.49659993333449
TCGA-73-7498-01A-12D-2184-08,0.9085041833832913,17.755643602511675
TCGA-73-A9RS-01A-11D-A410-08,0.9798736694212036,162.41072009101308
TCGA-75-5122-01A-01D-1753-08,0.8977401610539972,20.173630794363334
TCGA-75-5125-01A-01D-1753-08,0.9310348475746449,24.683751498121975
TCGA-75-5126-01A-01D-1753-08,0.9754556388006539,97.28532550778174
TCGA-75-5146-01A-01D-1625-08,0.9382889320380357,31.510982245800122
TCGA-75-6211-01A-11D-1753-08,0.9581876558345812,55.41091284488244
TCGA-75-6214-01A-41D-1945-08,0.9730576670533176,109.12599630231475
TCGA-75-7027-01A-11D-1945-08,0.9392640439090506,37.193486145402545
TCGA-75-7031-01A-11D-1945-08,0.9169731933145748,29.25835395293499
TCGA-78-7145-01A-11D-2036-08,0.8569567781236276,29.3246150328823
TCGA-78-7146-01A-11D-2036-08,0.956658944308648,54.49274079109741
TCGA-78-7147-01A-11D-2036-08,0.9476276291146573,46.735582193382015
TCGA-78-7148-01A-11D-2036-08,0.9603215401810619,30.771920673796647
TCGA-78-7149-01A-11D-2036-08,0.9656962941247291,30.984613197867493
TCGA-78-7150-01A-21D-2036-08,0.9679848441634943,70.87181512144004
TCGA-78-7152-01A-11D-2036-08,0.9449081263920053,38.87365560376875
TCGA-78-7154-01A-11D-2036-08,0.9758922412590404,49.03766399019328
TCGA-78-7155-01A-11D-2036-08,0.9879864688919354,225.22286838703025
TCGA-78-7156-01A-11D-2036-08,0.9816946932003628,59.83089174153829
TCGA-78-7158-01A-11D-2036-08,0.9412733607116701,35.31797883900557
TCGA-78-7159-01A-11D-2036-08,0.9766811320169212,43.44896505746289
TCGA-78-7161-01A-11D-2036-08,0.902196932356857,28.68206282654255
TCGA-78-7166-01A-12D-2063-08,0.9601398546473506,40.4762027728405
TCGA-78-7220-01A-11D-2036-08,0.9799420746608262,123.47836978511218
TCGA-78-7535-01A-11D-2063-08,0.935325820114417,26.760604060022068
TCGA-78-7536-01A-11D-2063-08,0.9703382588891297,96.91443430541328
TCGA-78-7537-01A-11D-2063-08,0.8713080328868479,21.63156250998743
TCGA-78-7539-01A-11D-2063-08,0.9785439112150572,107.92133877150677
TCGA-78-7542-01A-21D-2063-08,0.9569570935411871,63.61466357805388
TCGA-78-7633-01A-11D-2063-08,0.8687294584158947,19.413354578625484
TCGA-78-8640-01A-11D-2393-08,0.9761943552185733,102.68703846051216
TCGA-78-8660-01A-11D-2393-08,0.9444518819660029,35.56523189183259
TCGA-78-8662-01A-11D-2393-08,0.980859818429852,169.13312731410625
TCGA-80-5607-01A-31D-1945-08,0.9768127103003303,40.881580239397245
TCGA-80-5608-01A-31D-1945-08,0.9313581829713736,27.49013154132906
TCGA-80-5611-01A-01D-1625-08,0.9227855493797219,26.902369045364473
TCGA-83-5908-01A-21D-2284-08,0.9361941132396252,38.745970671132554
TCGA-86-6851-01A-11D-1945-08,0.9866648000249469,133.06512409522364
TCGA-86-7701-01A-11D-2167-08,0.9266752501443088,30.917662174057977
TCGA-86-7711-01A-11D-2063-08,0.937029572121977,33.78479200490171
TCGA-86-7713-01A-11D-2063-08,0.8943001116182929,26.850557822863117
TCGA-86-7954-01A-11D-2184-08,0.9173262207048878,28.73529243990002
TCGA-86-7955-01A-11D-2184-08,0.9388589595045448,46.19948739323893
TCGA-86-8054-01A-11D-2238-08,0.9366557161765746,33.12597921596168
TCGA-86-8056-01A-11D-2238-08,0.9761040408901445,59.55227974179578
TCGA-86-8073-01A-11D-2238-08,0.9865915545926128,246.73048503050393
TCGA-86-8279-01A-11D-2284-08,0.9581334547066949,87.0947385797105
TCGA-86-8281-01A-11D-2284-08,0.959175270504853,40.04586042781712
TCGA-86-8359-01A-11D-2323-08,0.9271556203627714,26.828449344920497
TCGA-86-8585-01A-11D-2393-08,0.9763380724851681,84.09730889732954
TCGA-86-8669-01A-11D-2393-08,0.9151539008435385,20.44474319172441
TCGA-86-8672-01A-21D-2393-08,0.9484003844973183,48.708442065962906
TCGA-86-8673-01A-11D-2393-08,0.9742508483005071,66.18434906947907
TCGA-86-8674-01A-21D-2393-08,0.9441268061295379,51.268180766203585
TCGA-86-A456-01A-11D-A24D-08,0.9580426750046357,52.17914152437363
TCGA-86-A4D0-01A-11D-A24D-08,0.9646888448934344,41.690977334776164
TCGA-86-A4JF-01A-11D-A24P-08,0.9898465600237567,204.56238264273466
TCGA-91-6828-01A-11D-1855-08,0.9234118967907153,44.62971284888022
TCGA-91-6829-01A-21D-1855-08,0.9716541867807995,91.83426770316565
TCGA-91-6830-01A-11D-1945-08,0.9864587945003838,61.811798758198684
TCGA-91-6831-01A-11D-1855-08,0.9507571791002719,39.52003700718041
TCGA-91-6836-01A-21D-1855-08,0.9747831040683195,70.82523107501011
TCGA-91-6840-01A-11D-1945-08,0.966383616919087,28.94254219277043
TCGA-91-6848-01A-11D-1945-08,0.9722036475973959,83.23925839320786
TCGA-91-6849-01A-11D-1945-08,0.8592123311721612,17.60070116508072
TCGA-91-7771-01A-11D-2167-08,0.89638803114879,28.27220565166935
TCGA-91-8499-01A-11D-2393-08,0.967043055651009,49.353412955232116
TCGA-91-A4BC-01A-11D-A24D-08,0.9615588753767002,69.25905579205087
TCGA-93-7347-01A-11D-2184-08,0.9055614999452724,17.875011277271312
TCGA-93-8067-01A-11D-2284-08,0.9905787240520129,158.9416017881136
TCGA-93-8067-01C-01D-A38P-08,0.9905609594047347,83.56844906772473
TCGA-93-8067-01D-01D-A38P-08,0.9837412673286948,53.75953150560185
TCGA-93-A4JP-01D-01D-A38P-08,0.9335289824662264,22.701419025595722
TCGA-93-A4JP-01E-01D-A38P-08,0.8933325671027591,20.36520557991677
TCGA-93-A4JQ-01A-11D-A24P-08,0.9340191068333801,26.176959997990625
TCGA-95-7039-01A-11D-1945-08,0.9798723197565055,190.88528006166095
TCGA-95-7043-01A-11D-1945-08,0.9792006248437505,166.32506699252377
TCGA-95-7562-01A-11D-2238-08,0.968434944571019,65.88760849439157
TCGA-95-7567-01A-11D-2063-08,0.9567798872154388,141.98017857003484
TCGA-95-7944-01A-11D-2184-08,0.9917370675821,75.45061045034937
TCGA-95-7947-01A-11D-2184-08,0.9801198959780015,98.65984008313693
TCGA-95-7948-01A-11D-2184-08,0.9469515356931677,48.13750945419508
TCGA-95-8494-01A-11D-2323-08,0.9581847491589782,28.743003087186427
TCGA-95-A4VK-01A-11D-A25L-08,0.929957340922148,42.66514003288024
TCGA-95-A4VN-01A-11D-A25L-08,0.9459286379870167,68.863887065814
TCGA-95-A4VP-01A-21D-A25L-08,0.9016660712437643,21.2945517069748
TCGA-97-7546-01A-11D-2036-08,0.9622826441912947,41.74541165218522
TCGA-97-7547-01A-11D-2036-08,0.9371756824446098,27.022274748319056
TCGA-97-7554-01A-11D-2036-08,0.9313986795198315,66.24147267430189
TCGA-97-7937-01A-11D-2167-08,0.9597748321129541,73.45312582476822
TCGA-97-7938-01A-11D-2167-08,0.9716275653401631,57.05376079275191
TCGA-97-8172-01A-11D-2284-08,0.9450083399779637,41.30741109650679
TCGA-97-8174-01A-11D-2284-08,0.9490237556756828,24.525617655326418
TCGA-97-8176-01A-11D-2393-08,0.9522960174785651,27.59654051139796
TCGA-97-8179-01A-11D-2284-08,0.914513538336426,28.86320413192661
TCGA-97-A4LX-01A-11D-A24P-08,0.944455039703359,29.57474124329444
TCGA-97-A4M0-01A-11D-A24P-08,0.9684574313413091,57.39511651885253
TCGA-97-A4M3-01A-11D-A24P-08,0.919725681784243,32.438212265478334
TCGA-97-A4M5-01A-11D-A24P-08,0.9572207126727831,49.136658882569805
TCGA-97-A4M7-01A-11D-A24P-08,0.9348448468648153,52.46532786305237
TCGA-99-7458-01A-11D-2036-08,0.9762588305094789,65.88004862906067
TCGA-99-8025-01A-11D-2238-08,0.9743491521794659,82.04880141451756
TCGA-99-8028-01A-11D-2238-08,0.9756468330968271,65.09871745211863
TCGA-99-8032-01A-11D-2238-08,0.9540226295019423,58.71069610240868
TCGA-99-8033-01A-11D-2238-08,0.925928442710178,27.273929604272336
TCGA-A1-A0SI-01A-11D-A142-09,0.994411385453316,69.70830524236546
TCGA-A1-A0SO-01A-22D-A099-09,0.9500278579792888,38.033712860844034
TCGA-A2-A04P-01A-31D-A128-09,0.8591678143933661,18.060307684818866
TCGA-A2-A04W-01A-31D-A10Y-09,0.9761992916816332,40.19692742766327
TCGA-A2-A0CL-01A-11D-A10Y-09,0.9782831278563024,41.26136513263329
TCGA-A2-A0CR-01A-11D-A228-09,0.9839001684249452,41.1131898313439
TCGA-A2-A0CX-01A-21W-A019-09,0.9883574574331716,85.0043061235916
TCGA-A2-A0EQ-01A-11W-A050-09,0.9868012174433727,69.19396556279996
TCGA-A2-A0EY-01A-11W-A050-09,0.9899508985089386,62.26562154281409
TCGA-A2-A0SY-01A-31D-A099-09,0.976211158274358,38.55245882732325
TCGA-A2-A0T0-01A-22D-A099-09,0.886686934491483,23.575567661110412
TCGA-A2-A0YK-01A-22D-A117-09,0.9904512854558608,130.25227628708438
TCGA-A2-A25A-01A-12D-A16D-09,0.9453508993514707,67.44710455258091
TCGA-A2-A3Y0-01A-11D-A23C-09,0.9125104312199017,22.706904592281003
TCGA-A3-3313-01A-01W-0886-08,0.9190512863897367,17.8063233867708
TCGA-A3-3346-01A-01W-0886-08,0.9739571593425682,35.047365646042586
TCGA-A3-3374-01A-01W-0886-08,0.923882056515691,26.5505627686873
TCGA-A3-3382-01A-01W-0886-08,0.8942400850176907,17.084741866066636
TCGA-A3-A8OV-01A-11D-A36X-10,0.885873448791931,19.43525090042334
TCGA-A7-A0DA-01A-31D-A10Y-09,0.866028012262969,19.99485658422275
TCGA-A7-A13D-01A-13D-A12Q-09,0.8576473096427689,17.174279610608707
TCGA-A7-A26H-01A-11D-A167-09,0.9745970188497154,29.377762066730238
TCGA-A7-A56D-01A-11D-A27P-09,0.9707092678599896,30.977664087463985
TCGA-A7-A5ZV-01A-11D-A28B-09,0.8801813135155876,25.639701491094304
TCGA-A7-A6VX-01A-12D-A33E-09,0.8880264880576871,18.870828324684123
TCGA-A8-A06Q-01A-11W-A050-09,0.9866491890584265,70.43737801097735
TCGA-A8-A06X-01A-21W-A019-09,0.9073693494061209,30.1818375417721
TCGA-A8-A07R-01A-21W-A050-09,0.9144098318640651,29.868791555414216
TCGA-A8-A07W-01A-11W-A019-09,0.9254335763648374,21.261904003673067
TCGA-A8-A08F-01A-11W-A019-09,0.8775430960327865,16.685731540362646
TCGA-A8-A08L-01A-11W-A019-09,0.9560266999601323,43.59746668049729
TCGA-A8-A08R-01A-11W-A050-09,0.954292189630067,35.06902447826388
TCGA-A8-A093-01A-11W-A019-09,0.9651503834812477,32.847857529536014
TCGA-A8-A094-01A-11W-A019-09,0.971255998062257,52.220162795956206
TCGA-A8-A095-01A-11W-A019-09,0.941860225550364,49.01636591136263
TCGA-A8-A09A-01A-11W-A019-09,0.9394797841327474,28.49580740004784
TCGA-A8-A09G-01A-21W-A019-09,0.9773007118931621,89.31966032599526
TCGA-A8-A09I-01A-22W-A050-09,0.9680741076098232,28.674099565643232
TCGA-A8-A09M-01A-11W-A019-09,0.916621014983741,19.827223126457838
TCGA-A8-A09Q-01A-11W-A019-09,0.9181794828676021,24.073660141531946
TCGA-A8-A09Z-01A-11W-A019-09,0.985558931425209,229.99927674367387
TCGA-A8-A0A7-01A-11W-A019-09,0.9864411738668546,79.2862755178548
TCGA-AC-A23C-01A-12D-A167-09,0.9455531172317886,22.036533172343805
TCGA-AC-A23H-01A-11D-A159-09,0.9929814972375721,1757.8499777888858
TCGA-AC-A5EH-01A-11D-A28B-09,0.8862596212633209,21.659237182840037
TCGA-AC-A5XS-01A-11D-A29N-09,0.9877684586354786,162.45551230110368
TCGA-AC-A6IW-01A-12D-A33E-09,0.9393584091722798,31.089952140334187
TCGA-AC-A8OP-01A-11D-A36J-09,0.9551224136607439,22.584584308383047
TCGA-AN-A046-01A-21W-A050-09,0.9839674288551756,2419.792531597032
TCGA-AN-A0AK-01A-21W-A019-09,0.9876171787362703,227.52378213002493
TCGA-AN-A0AR-01A-11W-A019-09,0.8535820243003572,16.92143047030013
TCGA-AN-A0AT-01A-11D-A045-09,0.8812091084765171,17.660409450048714
TCGA-AN-A0FL-01A-11W-A050-09,0.8615264399480076,24.31720028088809
TCGA-AN-A0FT-01A-11W-A050-09,0.9503073998347099,20.742536100034943
TCGA-AN-A0FW-01A-11W-A050-09,0.8780356281630328,16.73201568585541
TCGA-AN-A0XN-01A-21D-A10G-09,0.8845595409337942,19.53639239169999
TCGA-AN-A0XU-01A-11D-A10G-09,0.8427492630367278,18.411262075477897
TCGA-AN-A0XW-01A-11D-A10G-09,0.99179009432497,116.63639596366643
TCGA-AO-A0J4-01A-11W-A050-09,0.9510128434822717,24.2844056597633
TCGA-AO-A0J9-01A-11W-A050-09,0.9684841716843011,40.280310096685525
TCGA-AO-A0JC-01A-11W-A071-09,0.9940251791955557,51.472963458659976
TCGA-AO-A0JD-01A-11W-A071-09,0.8610938303521901,17.4366252671793
TCGA-AO-A124-01A-11D-A10M-09,0.8868721691360669,18.297272239010056
TCGA-AO-A128-01A-11D-A10M-09,0.9814683615174692,209.73506294989735
TCGA-AR-A0TX-01A-11D-A099-09,0.9839020292046163,108.15079803638447
TCGA-AR-A24H-01A-11D-A167-09,0.8697726067270891,18.188807752859024
TCGA-AR-A24Q-01A-12D-A167-09,0.9130625777703725,24.187185855715413
TCGA-AR-A250-01A-31D-A167-09,0.9460218192614125,23.189938580205407
TCGA-AR-A251-01A-12D-A167-09,0.8939416780194782,23.506684139127863
TCGA-AR-A256-01A-11D-A167-09,0.8886160359710066,24.8472509082053
TCGA-AR-A2LE-01A-11D-A17W-09,0.9931222808390924,103.7175623609942
TCGA-B0-4698-01A-01D-1501-10,0.9624893103315187,66.01233468169306
TCGA-B0-4823-01A-02D-1421-08,0.8651634199645565,14.355968033479144
TCGA-B0-5098-01A-01D-1421-08,0.9722926157277347,98.59783988540055
TCGA-B6-A0I8-01A-11W-A050-09,0.8675556236720315,17.845681053835758
TCGA-B6-A0IJ-01A-11W-A050-09,0.8965590852777996,20.39982692162933
TCGA-B6-A0IK-01A-12W-A071-09,0.9819609603733671,44.46136836683931
TCGA-B6-A0RE-01A-11W-A071-09,0.9316614580355139,23.967757877885862
TCGA-B6-A0RS-01A-11D-A099-09,0.9130252879015147,19.736152377169386
TCGA-BH-A0AW-01A-11W-A071-09,0.9810070969383864,34.27175116526129
TCGA-BH-A0B6-01A-11D-A19Y-09,0.9948191724745723,284.6441419181213
TCGA-BH-A0BP-01A-11D-A10Y-09,0.9395070014468786,28.6298256179692
TCGA-BH-A0BZ-01A-31D-A12Q-09,0.950396992074656,31.24736181889972
TCGA-BH-A0DZ-01A-11W-A019-09,0.9962965144704234,97.37161045882372
TCGA-BH-A0EE-01A-11W-A050-09,0.9793218101378857,27.115241749034272
TCGA-BH-A0HA-01A-11D-A12Q-09,0.984784137580477,54.36630263033606
TCGA-BH-A0HF-01A-11W-A071-09,0.9844352363381629,305.5954606370694
TCGA-BH-A0HK-01A-11W-A071-09,0.9775492019162341,30.84517382700961
TCGA-BH-A0HP-01A-12D-A099-09,0.9943562132231751,94.67551110297366
TCGA-BH-A0W7-01A-11D-A10Y-09,0.9927386465143551,71.10422285658491
TCGA-BH-A18G-01A-11D-A12B-09,0.9911535178721075,254.51215552607232
TCGA-BH-A18P-01A-11D-A12B-09,0.9884260918732575,104.87043179982545
TCGA-BH-A18U-01A-21D-A12B-09,0.9771492334429999,30.412477884130723
TCGA-BH-A18V-01A-11D-A12B-09,0.9485716354945527,35.907542421973744
TCGA-BH-A18V-06A-11D-A20S-09,0.96670303521722,42.13510981048431
TCGA-BH-A1F8-01A-11D-A13L-09,0.9873365873042297,42.24225186788607
TCGA-BH-A1FN-01A-11D-A13L-09,0.9393657336579596,25.991696751212697
TCGA-BH-A2L8-01A-11D-A18P-09,0.9914166230311094,180.14116116510448
TCGA-BP-5168-01A-01D-1421-08,0.8651877780502479,16.043089787798362
TCGA-BP-5176-01A-01D-1429-08,0.8524876777120136,14.386560927741758
TCGA-C8-A12K-01A-21D-A10Y-09,0.9211852773375117,26.4755330298396
TCGA-C8-A12P-01A-11D-A10Y-09,0.9815215021941492,39.8336072891682
TCGA-C8-A12Q-01A-11D-A10Y-09,0.9754626633489628,29.292124413937387
TCGA-C8-A12T-01A-11D-A10Y-09,0.9852305606863409,51.20492250225987
TCGA-C8-A1HJ-01A-11D-A13L-09,0.8538793220036596,15.260699456935725
TCGA-C8-A1HM-01A-12D-A135-09,0.989703706208391,111.30771327524195
TCGA-C8-A26Y-01A-11D-A16D-09,0.9930871181415037,212.50889128238674
TCGA-C8-A274-01A-11D-A16D-09,0.9804384798609306,61.160798883389575
TCGA-C8-A275-01A-21D-A16D-09,0.9720855604112495,33.24400472368351
TCGA-C8-A27B-01A-11D-A167-09,0.9516463725563808,31.187330391944244
TCGA-C8-A8HP-01A-11D-A36J-09,0.9925994661623746,49.568420082281044
TCGA-C8-A8HQ-01A-11D-A36J-09,0.986076573934627,79.35092687412207
TCGA-CJ-4920-01A-01D-1429-08,0.9062306750421272,16.500242422139422
TCGA-CJ-6030-01A-11D-1669-08,0.8980234660967302,15.81751698428273
TCGA-CZ-5468-01A-01D-1501-10,0.8870656723370017,17.861712287932974
TCGA-D8-A142-01A-11D-A10Y-09,0.9317897792011284,20.764129333383746
TCGA-D8-A147-01A-11D-A10Y-09,0.9339051858399503,25.98311525116874
TCGA-D8-A1J8-01A-11D-A13L-09,0.9846021064619569,182.95647643566832
TCGA-D8-A1J9-01A-11D-A13L-09,0.9733707942948262,61.79759776469019
TCGA-D8-A1JA-01A-11D-A13L-09,0.9716719144676077,336.65970029885955
TCGA-D8-A1JG-01B-11D-A13L-09,0.9665144396967185,24.855799656564088
TCGA-D8-A1JK-01A-11D-A13L-09,0.9087753590953482,27.289948538400267
TCGA-D8-A1JL-01A-11D-A13L-09,0.8520549754797007,15.92551668328195
TCGA-D8-A1JN-01A-11D-A13L-09,0.9886669476524218,51.51079788580892
TCGA-D8-A1JP-01A-11D-A13L-09,0.8824854508432414,16.590551918169158
TCGA-D8-A1XK-01A-21D-A14K-09,0.9479351071435771,180.96479780436215
TCGA-D8-A1XQ-01A-11D-A14K-09,0.9843285061584365,123.84627760875125
TCGA-D8-A1Y1-01A-21D-A14K-09,0.9900009477567149,57.2301341497589
TCGA-D8-A27G-01A-11D-A16D-09,0.9911296941009916,322.2740274379071
TCGA-D8-A27H-01A-11D-A16D-09,0.8641554026225325,23.867974830468636
TCGA-D8-A27V-01A-12D-A17D-09,0.976133163767514,51.54662685223054
TCGA-D8-A73U-01A-11D-A33E-09,0.9814973451480055,43.45145389419896
TCGA-E2-A10C-01A-21D-A10M-09,0.9943700199066156,135.56036004559587
TCGA-E2-A14R-01A-11D-A10Y-09,0.8503246525402062,14.725564473579112
TCGA-E2-A152-01A-11D-A12B-09,0.9637485312539401,36.31410889335509
TCGA-E2-A159-01A-11D-A10Y-09,0.9682030562835675,42.907391869041774
TCGA-E2-A1IN-01A-11D-A13L-09,0.9826573480554639,56.96032324523476
TCGA-E2-A1LG-01A-21D-A14K-09,0.9843182701347674,51.41120716881023
TCGA-E2-A1LH-01A-11D-A14G-09,0.9173165980192138,29.339875601942413
TCGA-E2-A574-01A-11D-A29N-09,0.9608701807857407,24.720083964472373
TCGA-E9-A1R4-01A-21D-A14G-09,0.9349196634759944,29.137214717257013
TCGA-E9-A1RF-01A-11D-A159-09,0.9220775128511257,20.686117759494383
TCGA-E9-A22E-01A-11D-A159-09,0.8688724064069148,18.954364025295874
TCGA-EW-A1IZ-01A-11D-A188-09,0.9809495868895107,69.01501184292243
TCGA-EW-A1J5-01A-11D-A13L-09,0.9912464833511829,157.58919817492387
TCGA-EW-A1PB-01A-11D-A142-09,0.931784670968561,31.560423656316903
TCGA-GI-A2C8-01A-11D-A16D-09,0.910176641377384,16.758110660922604
TCGA-GM-A2D9-01A-11D-A18P-09,0.997736683064683,166.65813888845142
TCGA-GM-A2DB-01A-31D-A19Y-09,0.8800041415011084,16.642998907791068
TCGA-GM-A2DH-01A-11D-A17W-09,0.9614988250553633,35.88859231396096
TCGA-GM-A2DO-01A-11D-A19Y-09,0.9935928964616614,51.627172850998654
TCGA-J2-8194-01A-11D-2238-08,0.9156965979869928,22.255560508270587
TCGA-J2-A4AD-01A-11D-A24D-08,0.9708280699089625,56.94140757511976
TCGA-L4-A4E5-01A-11D-A24P-08,0.9516391810316931,52.11602393532374
TCGA-L9-A443-01A-12D-A24D-08,0.9083950370673467,38.97430341742273
TCGA-L9-A444-01A-21D-A24D-08,0.9661838880522229,87.98647773944512
TCGA-L9-A5IP-01A-21D-A397-08,0.95471995977742,46.42165112792584
TCGA-L9-A743-01A-43D-A397-08,0.94881985606245,23.046842741218136
TCGA-L9-A7SV-01A-11D-A397-08,0.9867387008799294,300.2257018686069
TCGA-L9-A8F4-01A-11D-A397-08,0.9725123723967407,106.96417709588829
TCGA-LD-A74U-01A-13D-A33E-09,0.9829541078219318,74.8027530862612
TCGA-LL-A73Y-01A-11D-A33E-09,0.9741220711357554,33.82837294468311
TCGA-LL-A8F5-01A-11D-A36J-09,0.8907490659861039,19.432100305319594
TCGA-MN-A4N1-01A-11D-A24P-08,0.94922300720075,70.8634528943281
TCGA-MN-A4N4-01A-12D-A24P-08,0.9833110177093626,237.80511423373105
TCGA-MN-A4N5-01A-11D-A24P-08,0.9572713598220146,73.06171454132793
TCGA-MP-A4SV-01A-11D-A24P-08,0.978229930566934,59.072287434669605
TCGA-MP-A4SY-01A-21D-A24P-08,0.9084049409388263,23.97726169635492
TCGA-MP-A4T4-01A-11D-A25L-08,0.9721072012693067,57.70590274480232
TCGA-MP-A4T7-01A-11D-A24P-08,0.8730789488948051,22.43138373739127
TCGA-MP-A4T8-01A-11D-A24P-08,0.8975203687125086,18.493781908059137
TCGA-MP-A4TA-01A-21D-A24P-08,0.9591777684212168,49.31812894492316
TCGA-MP-A4TC-01A-11D-A24P-08,0.9369781368601516,42.65200395860605
TCGA-MP-A4TE-01A-22D-A25L-08,0.9147276307224312,23.58774979024498
TCGA-MP-A4TF-01A-11D-A25L-08,0.9563934801745625,60.91899824396645
TCGA-MP-A4TH-01A-31D-A25L-08,0.8758571743049381,15.634846040357022
TCGA-MP-A4TK-01A-11D-A24P-08,0.9709297190226928,56.019325216788594
TCGA-NJ-A4YF-01A-12D-A25L-08,0.9717460551485246,102.38976860329377
TCGA-NJ-A4YG-01A-22D-A25L-08,0.9401735525773464,25.41071990281768
TCGA-NJ-A4YI-01A-11D-A25L-08,0.9801782135236342,75.95145105590328
TCGA-NJ-A4YP-01A-11D-A25L-08,0.9901023054339275,154.6335496213663
TCGA-NJ-A4YQ-01A-11D-A25L-08,0.9823922581555888,174.43931269515588
TCGA-NJ-A55O-01A-11D-A25L-08,0.8862080634689052,25.24051234580513
TCGA-NJ-A55R-01A-11D-A25L-08,0.939485378397816,43.35874112444634
TCGA-O1-A52J-01A-11D-A25L-08,0.941367894505309,25.671064173994704
TCGA-OL-A5RW-01A-11D-A28B-09,0.9581350477293635,35.07499225761503
TCGA-OL-A5RZ-01A-11D-A28B-09,0.9140519599142001,19.973731263747958
TCGA-PE-A5DE-01A-11D-A27P-09,0.9906553065346652,151.591216889222
TCGA-PL-A8LV-01A-21D-A41F-09,0.8368259780686639,18.738760639116883
TCGA-S2-AA1A-01A-12D-A397-08,0.8879813800245584,22.243948316901566
TCGA-S3-AA10-01A-21D-A41F-09,0.8809338600026216,16.91080368636678
TCGA-UU-A93S-01A-21D-A41F-09,0.9054104148141501,21.110290994928913
TCGA-XX-A89A-01A-11D-A36J-09,0.970408949879176,54.04068179607414
