sample,cosine_similarity,n_snv,cancer_type
TCGA-05-4244-01A-01D-1105-08,0.9444465343754669,2.326335860928751,Lung Adenocarcinoma
TCGA-05-4249-01A-01D-1105-08,0.9387517755128382,2.506505032404872,Lung Adenocarcinoma
TCGA-05-4250-01A-01D-1105-08,0.9321462013744168,2.5728716022004803,Lung Adenocarcinoma
TCGA-05-4382-01A-01D-1931-08,0.9891066919392039,3.2377949932739227,Lung Adenocarcinoma
TCGA-05-4384-01A-01D-1753-08,0.9003110819666417,2.1271047983648077,Lung Adenocarcinoma
TCGA-05-4389-01A-01D-1265-08,0.9604660566050481,2.361727836017593,Lung Adenocarcinoma
TCGA-05-4390-01A-02D-1753-08,0.9798681930102981,2.6954816764901977,Lung Adenocarcinoma
TCGA-05-4395-01A-01D-1265-08,0.9585660341219563,2.436162647040756,Lung Adenocarcinoma
TCGA-05-4396-01A-21D-1855-08,0.9398192878717037,2.374748346010104,Lung Adenocarcinoma
TCGA-05-4397-01A-01D-1265-08,0.982480809749199,2.929418925714293,Lung Adenocarcinoma
TCGA-05-4398-01A-01D-1265-08,0.9801568834660054,2.8530895298518657,Lung Adenocarcinoma
TCGA-05-4402-01A-01D-1265-08,0.9707801364318612,2.060697840353612,Lung Adenocarcinoma
TCGA-05-4403-01A-01D-1265-08,0.8840884933078644,2.113943352306837,Lung Adenocarcinoma
TCGA-05-4405-01A-21D-1855-08,0.9627984036677337,2.5327543789924976,Lung Adenocarcinoma
TCGA-05-4410-01A-21D-1855-08,0.9773005560573481,3.0394141191761372,Lung Adenocarcinoma
TCGA-05-4415-01A-22D-1855-08,0.9470289780320218,2.3096301674258988,Lung Adenocarcinoma
TCGA-05-4417-01A-22D-1855-08,0.9509397801206229,2.4653828514484184,Lung Adenocarcinoma
TCGA-05-4418-01A-01D-1265-08,0.9528441551904546,2.4456042032735974,Lung Adenocarcinoma
TCGA-05-4420-01A-01D-1265-08,0.9713525087232501,2.459392487759231,Lung Adenocarcinoma
TCGA-05-4424-01A-22D-1855-08,0.9737445859408719,2.8382192219076257,Lung Adenocarcinoma
TCGA-05-4427-01A-21D-1855-08,0.9753023060355417,2.9800033715837464,Lung Adenocarcinoma
TCGA-05-4430-01A-02D-1265-08,0.9509387933137404,2.3654879848909,Lung Adenocarcinoma
TCGA-05-4432-01A-01D-1265-08,0.975115413050021,2.762678563727436,Lung Adenocarcinoma
TCGA-05-5423-01A-01D-1625-08,0.928788862692881,2.1702617153949575,Lung Adenocarcinoma
TCGA-05-5425-01A-02D-1625-08,0.9732243675604142,2.7589118923979736,Lung Adenocarcinoma
TCGA-05-5428-01A-01D-1625-08,0.9793957195960478,2.591064607026499,Lung Adenocarcinoma
TCGA-05-5715-01A-01D-1625-08,0.9535683870606991,2.0530784434834195,Lung Adenocarcinoma
TCGA-06-5416-01A-01D-1486-08,0.991039651266598,4.160708572292429,Glioblastoma Multiforme
TCGA-06-5858-01A-01D-1696-08,0.9644493381543199,2.27415784926368,Glioblastoma Multiforme
TCGA-12-0775-01A-01W-0348-08,0.9180512162161806,2.0170333392987803,Glioblastoma Multiforme
TCGA-12-0829-01A-01W-0424-08,0.9698663177164274,2.161368002234975,Glioblastoma Multiforme
TCGA-14-0871-01A-01W-0424-08,0.9110360116243034,2.0086001717619175,Glioblastoma Multiforme
TCGA-14-1396-01A-01W-0611-08,0.969846975676726,2.2278867046136734,Glioblastoma Multiforme
TCGA-14-1795-01A-01W-0643-08,0.9799988291853508,2.2764618041732443,Glioblastoma Multiforme
TCGA-16-0848-01A-01D-1492-08,0.9729088212701825,2.5352941200427703,Glioblastoma Multiforme
TCGA-16-0848-01A-01W-0424-08,0.9750931871352652,2.4313637641589874,Glioblastoma Multiforme
TCGA-17-Z000-01A-01W-0746-08,0.9254203410618576,2.0718820073061255,Lung Adenocarcinoma
TCGA-17-Z001-01A-01W-0746-08,0.9468210210951862,2.2600713879850747,Lung Adenocarcinoma
TCGA-17-Z003-01A-01W-0746-08,0.9212698287763802,2.3560258571931225,Lung Adenocarcinoma
TCGA-17-Z010-01A-01W-0746-08,0.9615829408332168,2.424881636631067,Lung Adenocarcinoma
TCGA-17-Z011-01A-01W-0746-08,0.8731620289411772,2.0293837776852097,Lung Adenocarcinoma
TCGA-17-Z015-01A-01W-0746-08,0.964239401674311,2.6599162000698504,Lung Adenocarcinoma
TCGA-17-Z016-01A-01W-0746-08,0.9727287826891556,2.484299839346786,Lung Adenocarcinoma
TCGA-17-Z017-01A-01W-0746-08,0.9264523535754358,2.296665190261531,Lung Adenocarcinoma
TCGA-17-Z018-01A-01W-0746-08,0.9457932572254741,2.3729120029701067,Lung Adenocarcinoma
TCGA-17-Z020-01A-01W-0746-08,0.9491748428429889,2.0755469613925306,Lung Adenocarcinoma
TCGA-17-Z021-01A-01W-0746-08,0.9273597362316498,2.0863598306747484,Lung Adenocarcinoma
TCGA-17-Z022-01A-01W-0746-08,0.9831374298799511,3.0670708560453703,Lung Adenocarcinoma
TCGA-17-Z023-01A-01W-0746-08,0.9476520105254039,2.593286067020457,Lung Adenocarcinoma
TCGA-17-Z025-01A-01W-0746-08,0.9424896173414969,2.3891660843645326,Lung Adenocarcinoma
TCGA-17-Z026-01A-01W-0746-08,0.9907395968366323,2.99563519459755,Lung Adenocarcinoma
TCGA-17-Z028-01A-01W-0746-08,0.9613684055638487,2.6757783416740852,Lung Adenocarcinoma
TCGA-17-Z030-01A-01W-0746-08,0.9725784522081307,2.7427251313046983,Lung Adenocarcinoma
TCGA-17-Z031-01A-01W-0746-08,0.9862348416215004,3.3660492098002353,Lung Adenocarcinoma
TCGA-17-Z033-01A-01W-0746-08,0.9355259857256132,2.1760912590556813,Lung Adenocarcinoma
TCGA-17-Z037-01A-01W-0746-08,0.9717310344118191,2.1072099696478683,Lung Adenocarcinoma
TCGA-17-Z042-01A-01W-0746-08,0.974673674553541,2.6794278966121188,Lung Adenocarcinoma
TCGA-17-Z043-01A-01W-0746-08,0.9364169682729678,2.296665190261531,Lung Adenocarcinoma
TCGA-17-Z044-01A-01W-0746-08,0.914598881035725,2.0863598306747484,Lung Adenocarcinoma
TCGA-17-Z045-01A-01W-0746-08,0.9797533010610595,2.82020145948564,Lung Adenocarcinoma
TCGA-17-Z049-01A-01W-0746-08,0.9754688779116248,2.6989700043360187,Lung Adenocarcinoma
TCGA-17-Z050-01A-01W-0747-08,0.9328786303475,2.2329961103921536,Lung Adenocarcinoma
TCGA-17-Z051-01A-01W-0747-08,0.8735187375372133,2.060697840353612,Lung Adenocarcinoma
TCGA-17-Z052-01A-01W-0747-08,0.8558237994035984,2.03342375548695,Lung Adenocarcinoma
TCGA-17-Z053-01A-01W-0747-08,0.9498537557046643,2.3820170425748683,Lung Adenocarcinoma
TCGA-17-Z055-01A-01W-0747-08,0.9744150111875718,2.785329835010767,Lung Adenocarcinoma
TCGA-17-Z056-01A-01W-0747-08,0.9757743101490188,2.660865478003869,Lung Adenocarcinoma
TCGA-17-Z057-01A-01W-0747-08,0.9870512960222481,2.606381365110605,Lung Adenocarcinoma
TCGA-17-Z059-01A-01W-0747-08,0.931620609778277,2.1903316981702914,Lung Adenocarcinoma
TCGA-17-Z061-01A-01W-0747-08,0.8945046885812773,2.2174839442139063,Lung Adenocarcinoma
TCGA-17-Z062-01A-01W-0747-08,0.9742702048459261,2.6263403673750423,Lung Adenocarcinoma
TCGA-19-0957-02A-11D-2280-08,0.9619669729614456,2.0644579892269186,Glioblastoma Multiforme
TCGA-19-1390-01A-01D-1495-08,0.9287931736998657,2.0293837776852097,Glioblastoma Multiforme
TCGA-19-1390-01A-01W-0922-08,0.944993761572472,2.161368002234975,Glioblastoma Multiforme
TCGA-19-1787-01B-01D-1495-08,0.979975912176907,2.7965743332104296,Glioblastoma Multiforme
TCGA-19-1787-01B-01W-0922-08,0.9852569413703157,2.756636108245848,Glioblastoma Multiforme
TCGA-19-2620-01A-01W-0922-08,0.9525184753636827,2.0253058652647704,Glioblastoma Multiforme
TCGA-19-5956-01A-11D-1696-08,0.9952700500609989,3.894094427322699,Glioblastoma Multiforme
TCGA-32-2616-01A-01D-1495-08,0.9844722305145615,3.049605612594973,Glioblastoma Multiforme
TCGA-32-2616-01A-01W-0922-08,0.9967611106285527,2.8129133566428557,Glioblastoma Multiforme
TCGA-35-4122-01A-01D-1105-08,0.9678227095136434,2.5010592622177517,Lung Adenocarcinoma
TCGA-35-4123-01A-01D-1105-08,0.9614623996248716,2.4683473304121573,Lung Adenocarcinoma
TCGA-35-5375-01A-01D-1625-08,0.9510573467303404,2.6324572921847245,Lung Adenocarcinoma
TCGA-38-4625-01A-01D-1553-08,0.9591583315901921,2.767897616018091,Lung Adenocarcinoma
TCGA-38-4626-01A-01D-1553-08,0.9432279405453303,2.278753600952829,Lung Adenocarcinoma
TCGA-38-4628-01A-01D-1265-08,0.927469905594109,2.0530784434834195,Lung Adenocarcinoma
TCGA-38-4629-01A-02D-1265-08,0.9500384894919383,2.4456042032735974,Lung Adenocarcinoma
TCGA-38-4630-01A-01D-1265-08,0.9758487157443564,2.0863598306747484,Lung Adenocarcinoma
TCGA-38-4631-01A-01D-1753-08,0.9697501243907359,2.8432327780980096,Lung Adenocarcinoma
TCGA-38-4632-01A-01D-1753-08,0.9627789471858064,2.699837725867246,Lung Adenocarcinoma
TCGA-3C-AALI-01A-11D-A41F-09,0.9859807525619746,2.7283537820212285,Breast Invasive Carcinoma
TCGA-44-2655-01A-01D-1553-08,0.9523418894352074,2.2430380486862944,Lung Adenocarcinoma
TCGA-44-2655-01A-01W-0928-08,0.9476269739261332,2.2528530309798933,Lung Adenocarcinoma
TCGA-44-2656-01A-02D-0969-08,0.9727805089634738,2.9425041061680806,Lung Adenocarcinoma
TCGA-44-2656-01A-02D-A271-08,0.9734776349805819,2.9020028913507296,Lung Adenocarcinoma
TCGA-44-2656-01A-02W-0928-08,0.9743589032301947,2.888179493918325,Lung Adenocarcinoma
TCGA-44-2656-01A-12D-A27T-08,0.9700030204777871,2.92272545799326,Lung Adenocarcinoma
TCGA-44-2656-01A-41D-A27T-08,0.9770765815125679,2.931966114728173,Lung Adenocarcinoma
TCGA-44-2656-01B-06D-A271-08,0.9819018247004876,2.8573324964312685,Lung Adenocarcinoma
TCGA-44-2657-01A-01D-1105-08,0.9771493852065988,2.5774917998372255,Lung Adenocarcinoma
TCGA-44-2662-01A-01D-0969-08,0.9795360851799771,2.3384564936046046,Lung Adenocarcinoma
TCGA-44-2662-01A-01D-A271-08,0.9740641472801828,2.3201462861110542,Lung Adenocarcinoma
TCGA-44-2662-01A-01W-0928-08,0.9794300478515775,2.296665190261531,Lung Adenocarcinoma
TCGA-44-2662-01B-02D-A271-08,0.9711847224091034,2.2624510897304293,Lung Adenocarcinoma
TCGA-44-2668-01A-01D-0969-08,0.9611910535897876,2.583198773968623,Lung Adenocarcinoma
TCGA-44-2668-01A-01D-A271-08,0.9459681165396439,2.537819095073274,Lung Adenocarcinoma
TCGA-44-2668-01A-01W-0928-08,0.9608211458936031,2.576341350205793,Lung Adenocarcinoma
TCGA-44-2668-01B-02D-A271-08,0.9213555219736235,2.3364597338485296,Lung Adenocarcinoma
TCGA-44-3396-01A-01D-1553-08,0.9227866508507071,2.247973266361807,Lung Adenocarcinoma
TCGA-44-3398-01A-01D-1105-08,0.8931085394851521,2.2227164711475833,Lung Adenocarcinoma
TCGA-44-3917-01A-01D-A271-08,0.9485638834696123,2.3443922736851106,Lung Adenocarcinoma
TCGA-44-3917-01B-02D-A271-08,0.9482207896666915,2.3560258571931225,Lung Adenocarcinoma
TCGA-44-3918-01A-01D-1105-08,0.9690864810874383,2.950364854376123,Lung Adenocarcinoma
TCGA-44-3918-01A-01D-A271-08,0.9694459684936154,2.9661417327390325,Lung Adenocarcinoma
TCGA-44-3918-01B-02D-A271-08,0.9756891927946827,2.9489017609702137,Lung Adenocarcinoma
TCGA-44-4112-01A-01D-1105-08,0.9688836643292523,2.625312450961674,Lung Adenocarcinoma
TCGA-44-4112-01A-01D-1458-08,0.9674284905588931,2.645422269349092,Lung Adenocarcinoma
TCGA-44-4112-01A-01D-A271-08,0.9660979391196705,2.6334684555795866,Lung Adenocarcinoma
TCGA-44-4112-01A-22D-A27T-08,0.9721966096834983,2.6599162000698504,Lung Adenocarcinoma
TCGA-44-4112-01A-31D-A27T-08,0.9721026206976563,2.690196080028514,Lung Adenocarcinoma
TCGA-44-4112-01B-06D-A271-08,0.968733351133965,2.534026106056135,Lung Adenocarcinoma
TCGA-44-5643-01A-01D-1625-08,0.8805939970388144,2.123851640967086,Lung Adenocarcinoma
TCGA-44-5644-01A-21D-2036-08,0.9754477380850645,2.9849771264154934,Lung Adenocarcinoma
TCGA-44-6144-01A-11D-1753-08,0.9202987660684424,2.361727836017593,Lung Adenocarcinoma
TCGA-44-6145-01A-11D-1753-08,0.8964117057296187,2.496929648073215,Lung Adenocarcinoma
TCGA-44-6147-01A-11D-1753-08,0.9174444106418082,2.2405492482826,Lung Adenocarcinoma
TCGA-44-6147-01A-11D-A271-08,0.9236130946272247,2.27415784926368,Lung Adenocarcinoma
TCGA-44-6147-01A-21D-A27T-08,0.9337463733205408,2.342422680822206,Lung Adenocarcinoma
TCGA-44-6147-01A-31D-A27T-08,0.8834338955921325,2.0530784434834195,Lung Adenocarcinoma
TCGA-44-6147-01B-06D-A271-08,0.9047723772266022,2.167317334748176,Lung Adenocarcinoma
TCGA-44-6774-01A-21D-1855-08,0.930463425860727,2.419955748489758,Lung Adenocarcinoma
TCGA-44-6776-01A-11D-1855-08,0.916534425283859,2.2528530309798933,Lung Adenocarcinoma
TCGA-44-6777-01A-11D-1855-08,0.9685996338594186,2.530199698203082,Lung Adenocarcinoma
TCGA-44-6778-01A-11D-1855-08,0.9712323707410663,2.597695185925512,Lung Adenocarcinoma
TCGA-44-7659-01A-11D-2063-08,0.8439885786997099,2.155336037465062,Lung Adenocarcinoma
TCGA-44-7660-01A-11D-2063-08,0.9520639868758267,2.5440680443502757,Lung Adenocarcinoma
TCGA-44-7661-01A-11D-2063-08,0.9233012278409156,2.3820170425748683,Lung Adenocarcinoma
TCGA-44-7662-01A-11D-2063-08,0.9813331225228424,2.7528164311882715,Lung Adenocarcinoma
TCGA-44-7667-01A-31D-2063-08,0.9671721342007401,2.6748611407378116,Lung Adenocarcinoma
TCGA-44-7669-01A-21D-2063-08,0.9644498798761624,2.6711728427150834,Lung Adenocarcinoma
TCGA-44-7670-01A-11D-2063-08,0.9755907020551347,3.0068937079479006,Lung Adenocarcinoma
TCGA-44-7671-01A-11D-2063-08,0.9223931565401683,2.3710678622717363,Lung Adenocarcinoma
TCGA-44-7672-01A-11D-2063-08,0.9034097482522261,2.1789769472931693,Lung Adenocarcinoma
TCGA-44-8117-01A-11D-2238-08,0.9829272995343419,2.870403905279027,Lung Adenocarcinoma
TCGA-44-8119-01A-11D-2238-08,0.9698717120464899,2.8095597146352675,Lung Adenocarcinoma
TCGA-44-8120-01A-11D-2238-08,0.9708046411253599,2.7895807121644256,Lung Adenocarcinoma
TCGA-44-A479-01A-31D-A24D-08,0.9638113146507014,2.428134794028789,Lung Adenocarcinoma
TCGA-44-A47A-01A-21D-A24D-08,0.9605021922873359,2.3010299956639813,Lung Adenocarcinoma
TCGA-44-A4SS-01A-11D-A24P-08,0.9614511030233581,2.6711728427150834,Lung Adenocarcinoma
TCGA-44-A4SU-01A-11D-A24P-08,0.9174205042032261,2.1072099696478683,Lung Adenocarcinoma
TCGA-49-4486-01A-01D-1265-08,0.9633303721775653,2.164352855784437,Lung Adenocarcinoma
TCGA-49-4487-01A-21D-1855-08,0.9593030837469974,2.530199698203082,Lung Adenocarcinoma
TCGA-49-4488-01A-01D-1753-08,0.9651122488475916,2.424881636631067,Lung Adenocarcinoma
TCGA-49-4494-01A-01D-1265-08,0.9120104979612074,2.2810333672477277,Lung Adenocarcinoma
TCGA-49-4505-01A-01D-1931-08,0.9432513734597314,2.3242824552976926,Lung Adenocarcinoma
TCGA-49-4506-01A-01D-1265-08,0.8636776608818887,2.037426497940624,Lung Adenocarcinoma
TCGA-49-4507-01A-01D-1265-08,0.9304072409701362,2.294466226161593,Lung Adenocarcinoma
TCGA-49-4514-01A-21D-1855-08,0.9744378223657758,2.4955443375464483,Lung Adenocarcinoma
TCGA-49-6742-01A-11D-1855-08,0.9639803842743129,2.444044795918076,Lung Adenocarcinoma
TCGA-49-6743-01A-11D-1855-08,0.9770843843119066,2.8692317197309762,Lung Adenocarcinoma
TCGA-49-6744-01A-11D-1855-08,0.9374626349222377,2.292256071356476,Lung Adenocarcinoma
TCGA-49-6745-01A-11D-1855-08,0.9608027052386305,2.103803720955957,Lung Adenocarcinoma
TCGA-49-6761-01A-31D-1945-08,0.9642361355664786,2.247973266361807,Lung Adenocarcinoma
TCGA-49-6767-01A-11D-1855-08,0.9512353641357113,2.6570558528571038,Lung Adenocarcinoma
TCGA-49-AAR0-01A-21D-A397-08,0.8928870115998812,2.123851640967086,Lung Adenocarcinoma
TCGA-49-AAR2-01A-11D-A397-08,0.9787770196359573,2.60422605308447,Lung Adenocarcinoma
TCGA-49-AAR3-01A-11D-A410-08,0.915494847361103,2.060697840353612,Lung Adenocarcinoma
TCGA-49-AAR4-01A-12D-A410-08,0.9843147772862625,2.73559889969818,Lung Adenocarcinoma
TCGA-49-AAR9-01A-21D-A410-08,0.9703402236510542,2.815577748324267,Lung Adenocarcinoma
TCGA-49-AARE-01A-11D-A410-08,0.9781841032085101,3.0546130545568877,Lung Adenocarcinoma
TCGA-49-AARN-01A-21D-A410-08,0.988711114392484,2.8573324964312685,Lung Adenocarcinoma
TCGA-49-AARO-01A-12D-A410-08,0.9814660849078729,2.754348335711019,Lung Adenocarcinoma
TCGA-49-AARQ-01A-11D-A410-08,0.9773901513544347,2.8432327780980096,Lung Adenocarcinoma
TCGA-4B-A93V-01A-11D-A397-08,0.9439068192017184,2.1398790864012365,Lung Adenocarcinoma
TCGA-50-5044-01A-21D-1855-08,0.978776905775878,2.1072099696478683,Lung Adenocarcinoma
TCGA-50-5045-01A-01D-1625-08,0.9513233170063028,2.4345689040341987,Lung Adenocarcinoma
TCGA-50-5049-01A-01D-1625-08,0.9785061498638506,2.8819549713396007,Lung Adenocarcinoma
TCGA-50-5051-01A-21D-1855-08,0.9212987191734825,2.0211892990699383,Lung Adenocarcinoma
TCGA-50-5066-01A-01D-1625-08,0.9574118353577391,2.4216039268698313,Lung Adenocarcinoma
TCGA-50-5066-02A-11D-2107-08,0.9587452194503541,2.574031267727719,Lung Adenocarcinoma
TCGA-50-5072-01A-21D-1855-08,0.9165456436528069,2.2121876044039577,Lung Adenocarcinoma
TCGA-50-5930-01A-11D-1753-08,0.9825913853810743,3.0515383905153275,Lung Adenocarcinoma
TCGA-50-5931-01A-11D-1753-08,0.9444766664016978,2.44870631990508,Lung Adenocarcinoma
TCGA-50-5933-01A-11D-1753-08,0.979272655049073,2.6910814921229687,Lung Adenocarcinoma
TCGA-50-5936-01A-11D-1625-08,0.9498623938418836,2.0718820073061255,Lung Adenocarcinoma
TCGA-50-5941-01A-11D-1753-08,0.967020603715975,2.5514499979728753,Lung Adenocarcinoma
TCGA-50-5946-01A-11D-1753-08,0.972913495269624,2.8260748027008264,Lung Adenocarcinoma
TCGA-50-5946-02A-11D-2107-08,0.9799073787034523,2.859738566197147,Lung Adenocarcinoma
TCGA-50-6590-01A-12D-1855-08,0.9834414786400304,2.937517892017347,Lung Adenocarcinoma
TCGA-50-6592-01A-11D-1753-08,0.9481863649901564,2.4471580313422194,Lung Adenocarcinoma
TCGA-50-6593-01A-11D-1753-08,0.9577473548172071,2.4913616938342726,Lung Adenocarcinoma
TCGA-50-6594-01A-11D-1753-08,0.9623364182262445,2.682145076373832,Lung Adenocarcinoma
TCGA-50-7109-01A-11D-2036-08,0.9422614380128856,2.3909351071033793,Lung Adenocarcinoma
TCGA-53-7624-01A-11D-2063-08,0.985500031053161,2.9079485216122722,Lung Adenocarcinoma
TCGA-53-7626-01A-12D-2063-08,0.9729283281946719,2.5352941200427703,Lung Adenocarcinoma
TCGA-53-7813-01A-11D-2167-08,0.935004633762799,2.1271047983648077,Lung Adenocarcinoma
TCGA-53-A4EZ-01A-12D-A24P-08,0.9679894334215774,2.733999286538387,Lung Adenocarcinoma
TCGA-55-1592-01A-01D-0969-08,0.9628472194880924,2.714329759745233,Lung Adenocarcinoma
TCGA-55-1592-01A-01W-0928-08,0.9664614162661369,2.6884198220027105,Lung Adenocarcinoma
TCGA-55-1594-01A-01D-1040-01,0.9507334865553827,2.1903316981702914,Lung Adenocarcinoma
TCGA-55-1594-01A-01W-0928-08,0.9482500726455977,2.173186268412274,Lung Adenocarcinoma
TCGA-55-1595-01A-01D-0969-08,0.9451517507011375,2.481442628502305,Lung Adenocarcinoma
TCGA-55-1596-01A-01D-1040-01,0.9249005311309008,2.2833012287035497,Lung Adenocarcinoma
TCGA-55-1596-01A-01W-0928-08,0.9192098444214833,2.271841606536499,Lung Adenocarcinoma
TCGA-55-5899-01A-11D-1625-08,0.9641306966873283,2.6570558528571038,Lung Adenocarcinoma
TCGA-55-6642-01A-11D-1855-08,0.9263056008468262,2.0969100130080562,Lung Adenocarcinoma
TCGA-55-6712-01A-11D-1855-08,0.9486018260980065,2.1172712956557644,Lung Adenocarcinoma
TCGA-55-6968-01A-11D-1945-08,0.9815385718461302,2.7067177823367587,Lung Adenocarcinoma
TCGA-55-6969-01A-11D-1945-08,0.9465632002444232,2.59659709562646,Lung Adenocarcinoma
TCGA-55-6970-01A-11D-1945-08,0.9387097540951063,2.173186268412274,Lung Adenocarcinoma
TCGA-55-6972-01A-11D-1945-08,0.9815722059570927,2.423245873936808,Lung Adenocarcinoma
TCGA-55-6979-01A-11D-1945-08,0.8907256078010559,2.0253058652647704,Lung Adenocarcinoma
TCGA-55-6982-01A-11D-1945-08,0.9884964440629704,2.3324384599156054,Lung Adenocarcinoma
TCGA-55-6983-01A-11D-1945-08,0.9274043046096467,2.0211892990699383,Lung Adenocarcinoma
TCGA-55-6985-01A-11D-1945-08,0.9727953567260528,2.6424645202421213,Lung Adenocarcinoma
TCGA-55-6987-01A-11D-1945-08,0.9264145386381113,2.225309281725863,Lung Adenocarcinoma
TCGA-55-7227-01A-11D-2036-08,0.9145030010843247,2.2041199826559246,Lung Adenocarcinoma
TCGA-55-7281-01A-11D-2036-08,0.957707602831835,2.60959440922522,Lung Adenocarcinoma
TCGA-55-7283-01A-11D-2036-08,0.9410250018844593,2.3324384599156054,Lung Adenocarcinoma
TCGA-55-7570-01A-11D-2036-08,0.9645238159909503,2.568201724066995,Lung Adenocarcinoma
TCGA-55-7574-01A-11D-2036-08,0.967385147190772,2.3324384599156054,Lung Adenocarcinoma
TCGA-55-7576-01A-11D-2063-08,0.9494715962193981,2.5877109650189114,Lung Adenocarcinoma
TCGA-55-7724-01A-11D-2167-08,0.9560966919087678,2.2600713879850747,Lung Adenocarcinoma
TCGA-55-7725-01A-11D-2167-08,0.9154057408680417,2.110589710299249,Lung Adenocarcinoma
TCGA-55-7726-01A-11D-2167-08,0.9245213572333607,2.0453229787866576,Lung Adenocarcinoma
TCGA-55-7727-01A-11D-2167-08,0.9661723977716823,2.404833716619938,Lung Adenocarcinoma
TCGA-55-7815-01A-11D-2167-08,0.8627423407102927,2.1760912590556813,Lung Adenocarcinoma
TCGA-55-7903-01A-11D-2167-08,0.935430628063558,2.1789769472931693,Lung Adenocarcinoma
TCGA-55-7907-01A-11D-2167-08,0.9875453193067085,3.077731179652392,Lung Adenocarcinoma
TCGA-55-7910-01A-11D-2167-08,0.962521398349071,2.45484486000851,Lung Adenocarcinoma
TCGA-55-7911-01A-11D-2167-08,0.9188155943570867,2.326335860928751,Lung Adenocarcinoma
TCGA-55-7913-01B-11D-2238-08,0.9440474348479259,2.5224442335063197,Lung Adenocarcinoma
TCGA-55-7914-01A-11D-2167-08,0.9141146424491471,2.2528530309798933,Lung Adenocarcinoma
TCGA-55-7994-01A-11D-2184-08,0.9891248712577164,3.198931869932209,Lung Adenocarcinoma
TCGA-55-7995-01A-11D-2184-08,0.9693812340523683,2.79309160017658,Lung Adenocarcinoma
TCGA-55-8085-01A-11D-2238-08,0.9643730691316279,2.4345689040341987,Lung Adenocarcinoma
TCGA-55-8089-01A-11D-2238-08,0.9846467496522232,3.101403350555331,Lung Adenocarcinoma
TCGA-55-8092-01A-11D-2238-08,0.9759132099982665,2.761927838420529,Lung Adenocarcinoma
TCGA-55-8094-01A-11D-2238-08,0.9734006877929273,2.6570558528571038,Lung Adenocarcinoma
TCGA-55-8096-01A-11D-2238-08,0.8820121135117803,2.1271047983648077,Lung Adenocarcinoma
TCGA-55-8097-01A-11D-2238-08,0.9129986554505736,2.0043213737826426,Lung Adenocarcinoma
TCGA-55-8203-01A-11D-2238-08,0.9441826990037085,2.59659709562646,Lung Adenocarcinoma
TCGA-55-8204-01A-11D-2238-08,0.9564275635249283,2.3521825181113627,Lung Adenocarcinoma
TCGA-55-8205-01A-11D-2238-08,0.979837702434509,2.7234556720351857,Lung Adenocarcinoma
TCGA-55-8207-01A-11D-2238-08,0.9558717483417888,2.5118833609788744,Lung Adenocarcinoma
TCGA-55-8208-01A-11D-2238-08,0.976636028122437,2.5010592622177517,Lung Adenocarcinoma
TCGA-55-8299-01A-11D-2284-08,0.9412146640828284,2.214843848047698,Lung Adenocarcinoma
TCGA-55-8301-01A-11D-2284-08,0.9353931366918913,2.456366033129043,Lung Adenocarcinoma
TCGA-55-8302-01A-11D-2323-08,0.966231996484719,2.8369567370595505,Lung Adenocarcinoma
TCGA-55-8506-01A-11D-2393-08,0.9862554369526919,3.215373152783422,Lung Adenocarcinoma
TCGA-55-8507-01A-11D-2393-08,0.9805091315940166,2.9960736544852753,Lung Adenocarcinoma
TCGA-55-8508-01A-11D-2393-08,0.9185645383045676,2.2405492482826,Lung Adenocarcinoma
TCGA-55-8510-01A-11D-2393-08,0.972874546939983,2.4668676203541096,Lung Adenocarcinoma
TCGA-55-8511-01A-11D-2393-08,0.9736535074125495,2.7427251313046983,Lung Adenocarcinoma
TCGA-55-8514-01A-11D-2393-08,0.9277905732468333,2.424881636631067,Lung Adenocarcinoma
TCGA-55-8614-01A-11D-2393-08,0.9086113874140227,2.383815365980431,Lung Adenocarcinoma
TCGA-55-8615-01A-11D-2393-08,0.8622420388586602,2.0969100130080562,Lung Adenocarcinoma
TCGA-55-8616-01A-11D-2393-08,0.9905338341491433,2.6794278966121188,Lung Adenocarcinoma
TCGA-55-8620-01A-11D-2393-08,0.9517334876221366,2.6981005456233897,Lung Adenocarcinoma
TCGA-55-A48X-01A-11D-A24D-08,0.9497165046094286,2.5276299008713385,Lung Adenocarcinoma
TCGA-55-A48Y-01A-11D-A24D-08,0.987571227372653,2.5575072019056577,Lung Adenocarcinoma
TCGA-55-A490-01A-11D-A24D-08,0.9841454176147283,3.1202447955463652,Lung Adenocarcinoma
TCGA-55-A491-01A-11D-A24D-08,0.9519608719219042,2.546542663478131,Lung Adenocarcinoma
TCGA-55-A492-01A-11D-A24D-08,0.931055606785613,2.401400540781544,Lung Adenocarcinoma
TCGA-55-A493-01A-11D-A24D-08,0.9532065579246918,2.4149733479708178,Lung Adenocarcinoma
TCGA-55-A494-01A-11D-A24P-08,0.9125035058835929,2.326335860928751,Lung Adenocarcinoma
TCGA-55-A4DF-01A-11D-A24D-08,0.9936714402529088,2.9095560292411755,Lung Adenocarcinoma
TCGA-55-A4DG-01A-11D-A24D-08,0.9702407640779207,2.8432327780980096,Lung Adenocarcinoma
TCGA-5L-AAT0-01A-12D-A41F-09,0.9865147245596434,2.2121876044039577,Breast Invasive Carcinoma
TCGA-5L-AAT1-01A-12D-A41F-09,0.9959533956055154,3.085290578230065,Breast Invasive Carcinoma
TCGA-62-8394-01A-11D-2323-08,0.9123609545542621,2.0827853703164503,Lung Adenocarcinoma
TCGA-62-8399-01A-21D-2323-08,0.9803095843401963,2.724275869600789,Lung Adenocarcinoma
TCGA-62-A46O-01A-11D-A24D-08,0.976517785710432,2.948412965778601,Lung Adenocarcinoma
TCGA-62-A46P-01A-11D-A24D-08,0.9712812941524034,2.44870631990508,Lung Adenocarcinoma
TCGA-62-A46R-01A-11D-A24D-08,0.9133684169499787,2.164352855784437,Lung Adenocarcinoma
TCGA-62-A46S-01A-11D-A24D-08,0.9021887944303981,2.0863598306747484,Lung Adenocarcinoma
TCGA-62-A470-01A-11D-A24D-08,0.8989112916415701,2.0718820073061255,Lung Adenocarcinoma
TCGA-62-A471-01A-12D-A24D-08,0.9696082398695439,2.0791812460476247,Lung Adenocarcinoma
TCGA-64-1676-01A-01D-0969-08,0.9729234499639806,2.775974331129369,Lung Adenocarcinoma
TCGA-64-1676-01A-01W-0928-08,0.9718854991395127,2.7611758131557314,Lung Adenocarcinoma
TCGA-64-1677-01A-01W-0928-08,0.9514950794679976,2.296665190261531,Lung Adenocarcinoma
TCGA-64-1678-01A-01W-0928-08,0.9742046461656554,2.6180480967120925,Lung Adenocarcinoma
TCGA-64-1679-01A-21D-2063-08,0.9783287482494439,2.699837725867246,Lung Adenocarcinoma
TCGA-64-5774-01A-01D-1625-08,0.9077494282204742,2.1492191126553797,Lung Adenocarcinoma
TCGA-64-5775-01A-01D-1625-08,0.9747665516115122,2.6875289612146345,Lung Adenocarcinoma
TCGA-64-5778-01A-01D-1625-08,0.9605521672722572,2.6665179805548807,Lung Adenocarcinoma
TCGA-64-5779-01A-01D-1625-08,0.9661371738998051,2.550228353055094,Lung Adenocarcinoma
TCGA-64-5781-01A-01D-1625-08,0.9699378575256535,3.04688519083771,Lung Adenocarcinoma
TCGA-64-5815-01A-01D-1625-08,0.9254956268460881,2.24551266781415,Lung Adenocarcinoma
TCGA-67-3770-01A-01D-0969-08,0.9445559008923291,2.315970345456918,Lung Adenocarcinoma
TCGA-67-3770-01A-01W-0928-08,0.9476560570635237,2.305351369446624,Lung Adenocarcinoma
TCGA-67-3771-01A-01D-1040-01,0.9806906921023383,3.044539760392411,Lung Adenocarcinoma
TCGA-67-3771-01A-01W-0928-08,0.9843221755324718,3.0576661039098294,Lung Adenocarcinoma
TCGA-67-3774-01A-01D-1040-01,0.8994976053460286,2.0492180226701815,Lung Adenocarcinoma
TCGA-67-4679-01B-01D-1753-08,0.9311669150605395,2.4533183400470375,Lung Adenocarcinoma
TCGA-67-6215-01A-11D-1753-08,0.9597057548759432,2.0253058652647704,Lung Adenocarcinoma
TCGA-67-6217-01A-11D-1753-08,0.9462076444063894,2.2430380486862944,Lung Adenocarcinoma
TCGA-69-7765-01A-11D-2167-08,0.9735578681848566,2.7944880466591697,Lung Adenocarcinoma
TCGA-69-7973-01A-11D-2184-08,0.9593888519378492,2.3891660843645326,Lung Adenocarcinoma
TCGA-69-7974-01A-11D-2184-08,0.9709179129014772,2.6580113966571126,Lung Adenocarcinoma
TCGA-69-7978-01A-11D-2184-08,0.9686128887481301,2.767897616018091,Lung Adenocarcinoma
TCGA-69-7979-01A-11D-2184-08,0.9828127515725124,3.156851901070011,Lung Adenocarcinoma
TCGA-69-7980-01A-11D-2184-08,0.9826336007764913,2.89707700320942,Lung Adenocarcinoma
TCGA-69-8253-01A-11D-2284-08,0.8505974035608964,2.1818435879447726,Lung Adenocarcinoma
TCGA-69-8255-01A-11D-2284-08,0.9150511910766622,2.4578818967339924,Lung Adenocarcinoma
TCGA-69-A59K-01A-11D-A25L-08,0.9707608658367242,2.655138434811382,Lung Adenocarcinoma
TCGA-73-4658-01A-01D-1753-08,0.9744282681238566,2.4785664955938436,Lung Adenocarcinoma
TCGA-73-4659-01A-01D-1265-08,0.8798558389971874,2.3384564936046046,Lung Adenocarcinoma
TCGA-73-4662-01A-01D-1265-08,0.9482091550078353,2.278753600952829,Lung Adenocarcinoma
TCGA-73-4666-01A-01D-1265-08,0.9549438767262337,2.571708831808688,Lung Adenocarcinoma
TCGA-73-4668-01A-01D-1265-08,0.9586326977322367,2.6314437690131722,Lung Adenocarcinoma
TCGA-73-4670-01A-01D-1265-08,0.9481111679486105,2.5010592622177517,Lung Adenocarcinoma
TCGA-73-4677-01A-01D-1265-08,0.9523934610924591,2.4149733479708178,Lung Adenocarcinoma
TCGA-73-7498-01A-12D-2184-08,0.9085041833832913,2.0086001717619175,Lung Adenocarcinoma
TCGA-73-A9RS-01A-11D-A410-08,0.9798736694212036,2.9934362304976116,Lung Adenocarcinoma
TCGA-75-5122-01A-01D-1753-08,0.8977401610539972,2.1072099696478683,Lung Adenocarcinoma
TCGA-75-5125-01A-01D-1753-08,0.9310348475746449,2.187520720836463,Lung Adenocarcinoma
TCGA-75-5126-01A-01D-1753-08,0.9754556388006539,2.7752462597402365,Lung Adenocarcinoma
TCGA-75-5146-01A-01D-1625-08,0.9382889320380357,2.2695129442179165,Lung Adenocarcinoma
TCGA-75-6211-01A-11D-1753-08,0.9581876558345812,2.5415792439465807,Lung Adenocarcinoma
TCGA-75-6214-01A-41D-1945-08,0.9730576670533176,2.841359470454855,Lung Adenocarcinoma
TCGA-75-7027-01A-11D-1945-08,0.9392640439090506,2.3891660843645326,Lung Adenocarcinoma
TCGA-75-7031-01A-11D-1945-08,0.9169731933145748,2.294466226161593,Lung Adenocarcinoma
TCGA-78-7145-01A-11D-2036-08,0.8569567781236276,2.2329961103921536,Lung Adenocarcinoma
TCGA-78-7146-01A-11D-2036-08,0.956658944308648,2.5352941200427703,Lung Adenocarcinoma
TCGA-78-7147-01A-11D-2036-08,0.9476276291146573,2.507855871695831,Lung Adenocarcinoma
TCGA-78-7148-01A-11D-2036-08,0.9603215401810619,2.315970345456918,Lung Adenocarcinoma
TCGA-78-7149-01A-11D-2036-08,0.9656962941247291,2.164352855784437,Lung Adenocarcinoma
TCGA-78-7150-01A-21D-2036-08,0.9679848441634943,2.622214022966295,Lung Adenocarcinoma
TCGA-78-7152-01A-11D-2036-08,0.9449081263920053,2.305351369446624,Lung Adenocarcinoma
TCGA-78-7154-01A-11D-2036-08,0.9758922412590404,2.4082399653118496,Lung Adenocarcinoma
TCGA-78-7155-01A-11D-2036-08,0.9879864688919354,3.1792644643390253,Lung Adenocarcinoma
TCGA-78-7156-01A-11D-2036-08,0.9816946932003628,2.4800069429571505,Lung Adenocarcinoma
TCGA-78-7158-01A-11D-2036-08,0.9412733607116701,2.3560258571931225,Lung Adenocarcinoma
TCGA-78-7159-01A-11D-2036-08,0.9766811320169212,2.462397997898956,Lung Adenocarcinoma
TCGA-78-7161-01A-11D-2036-08,0.902196932356857,2.250420002308894,Lung Adenocarcinoma
TCGA-78-7166-01A-12D-2063-08,0.9601398546473506,2.359835482339888,Lung Adenocarcinoma
TCGA-78-7220-01A-11D-2036-08,0.9799420746608262,2.9180303367848803,Lung Adenocarcinoma
TCGA-78-7535-01A-11D-2063-08,0.935325820114417,2.247973266361807,Lung Adenocarcinoma
TCGA-78-7536-01A-11D-2063-08,0.9703382588891297,2.800717078282385,Lung Adenocarcinoma
TCGA-78-7537-01A-11D-2063-08,0.8713080328868479,2.1172712956557644,Lung Adenocarcinoma
TCGA-78-7539-01A-11D-2063-08,0.9785439112150572,2.690196080028514,Lung Adenocarcinoma
TCGA-78-7542-01A-21D-2063-08,0.9569570935411871,2.5634810853944106,Lung Adenocarcinoma
TCGA-78-7633-01A-11D-2063-08,0.8687294584158947,2.0253058652647704,Lung Adenocarcinoma
TCGA-78-8640-01A-11D-2393-08,0.9761943552185733,2.864511081058392,Lung Adenocarcinoma
TCGA-78-8660-01A-11D-2393-08,0.9444518819660029,2.3944516808262164,Lung Adenocarcinoma
TCGA-78-8662-01A-11D-2393-08,0.980859818429852,3.0663259253620376,Lung Adenocarcinoma
TCGA-80-5607-01A-31D-1945-08,0.9768127103003303,2.103803720955957,Lung Adenocarcinoma
TCGA-80-5608-01A-31D-1945-08,0.9313581829713736,2.2380461031287955,Lung Adenocarcinoma
TCGA-80-5611-01A-01D-1625-08,0.9227855493797219,2.2833012287035497,Lung Adenocarcinoma
TCGA-83-5908-01A-21D-2284-08,0.9361941132396252,2.3324384599156054,Lung Adenocarcinoma
TCGA-86-6851-01A-11D-1945-08,0.9866648000249469,2.9459607035775686,Lung Adenocarcinoma
TCGA-86-7701-01A-11D-2167-08,0.9266752501443088,2.287801729930226,Lung Adenocarcinoma
TCGA-86-7711-01A-11D-2063-08,0.937029572121977,2.357934847000454,Lung Adenocarcinoma
TCGA-86-7713-01A-11D-2063-08,0.8943001116182929,2.1986570869544226,Lung Adenocarcinoma
TCGA-86-7954-01A-11D-2184-08,0.9173262207048878,2.271841606536499,Lung Adenocarcinoma
TCGA-86-7955-01A-11D-2184-08,0.9388589595045448,2.499687082618404,Lung Adenocarcinoma
TCGA-86-8054-01A-11D-2238-08,0.9366557161765746,2.3384564936046046,Lung Adenocarcinoma
TCGA-86-8056-01A-11D-2238-08,0.9761040408901445,2.4216039268698313,Lung Adenocarcinoma
TCGA-86-8073-01A-11D-2238-08,0.9865915545926128,3.17868923977559,Lung Adenocarcinoma
TCGA-86-8279-01A-11D-2284-08,0.9581334547066949,2.720159303405957,Lung Adenocarcinoma
TCGA-86-8281-01A-11D-2284-08,0.959175270504853,2.4099331233312946,Lung Adenocarcinoma
TCGA-86-8359-01A-11D-2323-08,0.9271556203627714,2.2121876044039577,Lung Adenocarcinoma
TCGA-86-8585-01A-11D-2393-08,0.9763380724851681,2.749736315569061,Lung Adenocarcinoma
TCGA-86-8669-01A-11D-2393-08,0.9151539008435385,2.1367205671564067,Lung Adenocarcinoma
TCGA-86-8672-01A-21D-2393-08,0.9484003844973183,2.48572142648158,Lung Adenocarcinoma
TCGA-86-8673-01A-11D-2393-08,0.9742508483005071,2.6720978579357175,Lung Adenocarcinoma
TCGA-86-8674-01A-21D-2393-08,0.9441268061295379,2.4683473304121573,Lung Adenocarcinoma
TCGA-86-A456-01A-11D-A24D-08,0.9580426750046357,2.499687082618404,Lung Adenocarcinoma
TCGA-86-A4D0-01A-11D-A24D-08,0.9646888448934344,2.4216039268698313,Lung Adenocarcinoma
TCGA-86-A4JF-01A-11D-A24P-08,0.9898465600237567,3.1126050015345745,Lung Adenocarcinoma
TCGA-91-6828-01A-11D-1855-08,0.9234118967907153,2.428134794028789,Lung Adenocarcinoma
TCGA-91-6829-01A-21D-1855-08,0.9716541867807995,2.8048206787211623,Lung Adenocarcinoma
TCGA-91-6830-01A-11D-1945-08,0.9864587945003838,2.315970345456918,Lung Adenocarcinoma
TCGA-91-6831-01A-11D-1855-08,0.9507571791002719,2.428134794028789,Lung Adenocarcinoma
TCGA-91-6836-01A-21D-1855-08,0.9747831040683195,2.6599162000698504,Lung Adenocarcinoma
TCGA-91-6840-01A-11D-1945-08,0.966383616919087,2.0863598306747484,Lung Adenocarcinoma
TCGA-91-6848-01A-11D-1945-08,0.9722036475973959,2.762678563727436,Lung Adenocarcinoma
TCGA-91-6849-01A-11D-1945-08,0.8592123311721612,2.0086001717619175,Lung Adenocarcinoma
TCGA-91-7771-01A-11D-2167-08,0.89638803114879,2.2695129442179165,Lung Adenocarcinoma
TCGA-91-8499-01A-11D-2393-08,0.967043055651009,2.5024271199844326,Lung Adenocarcinoma
TCGA-91-A4BC-01A-11D-A24D-08,0.9615588753767002,2.630427875025024,Lung Adenocarcinoma
TCGA-93-7347-01A-11D-2184-08,0.9055614999452724,2.0492180226701815,Lung Adenocarcinoma
TCGA-93-8067-01A-11D-2284-08,0.9905787240520129,2.7323937598229686,Lung Adenocarcinoma
TCGA-93-8067-01C-01D-A38P-08,0.9905609594047347,2.4456042032735974,Lung Adenocarcinoma
TCGA-93-8067-01D-01D-A38P-08,0.9837412673286948,2.2600713879850747,Lung Adenocarcinoma
TCGA-93-A4JP-01D-01D-A38P-08,0.9335289824662264,2.060697840353612,Lung Adenocarcinoma
TCGA-93-A4JP-01E-01D-A38P-08,0.8933325671027591,2.012837224705172,Lung Adenocarcinoma
TCGA-93-A4JQ-01A-11D-A24P-08,0.9340191068333801,2.113943352306837,Lung Adenocarcinoma
TCGA-95-7039-01A-11D-1945-08,0.9798723197565055,3.0982975364946976,Lung Adenocarcinoma
TCGA-95-7043-01A-11D-1945-08,0.9792006248437505,3.010299956639812,Lung Adenocarcinoma
TCGA-95-7562-01A-11D-2238-08,0.968434944571019,2.57978359661681,Lung Adenocarcinoma
TCGA-95-7567-01A-11D-2063-08,0.9567798872154388,2.960946195733831,Lung Adenocarcinoma
TCGA-95-7944-01A-11D-2184-08,0.9917370675821,2.413299764081252,Lung Adenocarcinoma
TCGA-95-7947-01A-11D-2184-08,0.9801198959780015,2.747411807886423,Lung Adenocarcinoma
TCGA-95-7948-01A-11D-2184-08,0.9469515356931677,2.1335389083702174,Lung Adenocarcinoma
TCGA-95-8494-01A-11D-2323-08,0.9581847491589782,2.037426497940624,Lung Adenocarcinoma
TCGA-95-A4VK-01A-11D-A25L-08,0.929957340922148,2.4183012913197452,Lung Adenocarcinoma
TCGA-95-A4VN-01A-11D-A25L-08,0.9459286379870167,2.6464037262230695,Lung Adenocarcinoma
TCGA-95-A4VP-01A-21D-A25L-08,0.9016660712437643,2.089905111439398,Lung Adenocarcinoma
TCGA-97-7546-01A-11D-2036-08,0.9622826441912947,2.413299764081252,Lung Adenocarcinoma
TCGA-97-7547-01A-11D-2036-08,0.9371756824446098,2.1760912590556813,Lung Adenocarcinoma
TCGA-97-7554-01A-11D-2036-08,0.9313986795198315,2.621176281775035,Lung Adenocarcinoma
TCGA-97-7937-01A-11D-2167-08,0.9597748321129541,2.6522463410033232,Lung Adenocarcinoma
TCGA-97-7938-01A-11D-2167-08,0.9716275653401631,2.558708570533166,Lung Adenocarcinoma
TCGA-97-8172-01A-11D-2284-08,0.9450083399779637,2.404833716619938,Lung Adenocarcinoma
TCGA-97-8174-01A-11D-2284-08,0.9490237556756828,2.214843848047698,Lung Adenocarcinoma
TCGA-97-8176-01A-11D-2393-08,0.9522960174785651,2.1986570869544226,Lung Adenocarcinoma
TCGA-97-8179-01A-11D-2284-08,0.914513538336426,2.2329961103921536,Lung Adenocarcinoma
TCGA-97-A4LX-01A-11D-A24P-08,0.944455039703359,2.247973266361807,Lung Adenocarcinoma
TCGA-97-A4M0-01A-11D-A24P-08,0.9684574313413091,2.5575072019056577,Lung Adenocarcinoma
TCGA-97-A4M3-01A-11D-A24P-08,0.919725681784243,2.298853076409707,Lung Adenocarcinoma
TCGA-97-A4M5-01A-11D-A24P-08,0.9572207126727831,2.2013971243204513,Lung Adenocarcinoma
TCGA-97-A4M7-01A-11D-A24P-08,0.9348448468648153,2.4800069429571505,Lung Adenocarcinoma
TCGA-99-7458-01A-11D-2036-08,0.9762588305094789,2.6283889300503116,Lung Adenocarcinoma
TCGA-99-8025-01A-11D-2238-08,0.9743491521794659,2.699837725867246,Lung Adenocarcinoma
TCGA-99-8028-01A-11D-2238-08,0.9756468330968271,2.5774917998372255,Lung Adenocarcinoma
TCGA-99-8032-01A-11D-2238-08,0.9540226295019423,2.5921767573958667,Lung Adenocarcinoma
TCGA-99-8033-01A-11D-2238-08,0.925928442710178,2.2329961103921536,Lung Adenocarcinoma
TCGA-A1-A0SI-01A-11D-A142-09,0.994411385453316,2.3138672203691533,Breast Invasive Carcinoma
TCGA-A1-A0SO-01A-22D-A099-09,0.9500278579792888,2.4345689040341987,Breast Invasive Carcinoma
TCGA-A2-A04P-01A-31D-A128-09,0.8591678143933661,2.0791812460476247,Breast Invasive Carcinoma
TCGA-A2-A04W-01A-31D-A10Y-09,0.9761992916816332,2.143014800254095,Breast Invasive Carcinoma
TCGA-A2-A0CL-01A-11D-A10Y-09,0.9782831278563024,2.143014800254095,Breast Invasive Carcinoma
TCGA-A2-A0CR-01A-11D-A228-09,0.9839001684249452,2.0681858617461617,Breast Invasive Carcinoma
TCGA-A2-A0CX-01A-21W-A019-09,0.9883574574331716,2.4313637641589874,Breast Invasive Carcinoma
TCGA-A2-A0EQ-01A-11W-A050-09,0.9868012174433727,2.3521825181113627,Breast Invasive Carcinoma
TCGA-A2-A0EY-01A-11W-A050-09,0.9899508985089386,2.307496037913213,Breast Invasive Carcinoma
TCGA-A2-A0SY-01A-31D-A099-09,0.976211158274358,2.0969100130080562,Breast Invasive Carcinoma
TCGA-A2-A0T0-01A-22D-A099-09,0.886686934491483,2.2174839442139063,Breast Invasive Carcinoma
TCGA-A2-A0YK-01A-22D-A117-09,0.9904512854558608,2.5490032620257876,Breast Invasive Carcinoma
TCGA-A2-A25A-01A-12D-A16D-09,0.9453508993514707,2.424881636631067,Breast Invasive Carcinoma
TCGA-A2-A3Y0-01A-11D-A23C-09,0.9125104312199017,2.2013971243204513,Breast Invasive Carcinoma
TCGA-A3-3313-01A-01W-0886-08,0.9190512863897367,2.0253058652647704,Kidney Renal Clear Cell Carcinoma
TCGA-A3-3346-01A-01W-0886-08,0.9739571593425682,2.2013971243204513,Kidney Renal Clear Cell Carcinoma
TCGA-A3-3374-01A-01W-0886-08,0.923882056515691,2.1367205671564067,Kidney Renal Clear Cell Carcinoma
TCGA-A3-3382-01A-01W-0886-08,0.8942400850176907,2.041392685158225,Kidney Renal Clear Cell Carcinoma
TCGA-A3-A8OV-01A-11D-A36X-10,0.885873448791931,2.1335389083702174,Kidney Renal Clear Cell Carcinoma
TCGA-A7-A0DA-01A-31D-A10Y-09,0.866028012262969,2.1271047983648077,Breast Invasive Carcinoma
TCGA-A7-A13D-01A-13D-A12Q-09,0.8576473096427689,2.0043213737826426,Breast Invasive Carcinoma
TCGA-A7-A26H-01A-11D-A167-09,0.9745970188497154,2.0530784434834195,Breast Invasive Carcinoma
TCGA-A7-A56D-01A-11D-A27P-09,0.9707092678599896,2.0863598306747484,Breast Invasive Carcinoma
TCGA-A7-A5ZV-01A-11D-A28B-09,0.8801813135155876,2.247973266361807,Breast Invasive Carcinoma
TCGA-A7-A6VX-01A-12D-A33E-09,0.8880264880576871,2.060697840353612,Breast Invasive Carcinoma
TCGA-A8-A06Q-01A-11W-A050-09,0.9866491890584265,2.3502480183341627,Breast Invasive Carcinoma
TCGA-A8-A06X-01A-21W-A019-09,0.9073693494061209,2.3096301674258988,Breast Invasive Carcinoma
TCGA-A8-A07R-01A-21W-A050-09,0.9144098318640651,2.3283796034387376,Breast Invasive Carcinoma
TCGA-A8-A07W-01A-11W-A019-09,0.9254335763648374,2.100370545117563,Breast Invasive Carcinoma
TCGA-A8-A08F-01A-11W-A019-09,0.8775430960327865,2.0718820073061255,Breast Invasive Carcinoma
TCGA-A8-A08L-01A-11W-A019-09,0.9560266999601323,2.330413773349191,Breast Invasive Carcinoma
TCGA-A8-A08R-01A-11W-A050-09,0.954292189630067,2.3710678622717363,Breast Invasive Carcinoma
TCGA-A8-A093-01A-11W-A019-09,0.9651503834812477,2.0043213737826426,Breast Invasive Carcinoma
TCGA-A8-A094-01A-11W-A019-09,0.971255998062257,2.2695129442179165,Breast Invasive Carcinoma
TCGA-A8-A095-01A-11W-A019-09,0.941860225550364,2.1702617153949575,Breast Invasive Carcinoma
TCGA-A8-A09A-01A-11W-A019-09,0.9394797841327474,2.307496037913213,Breast Invasive Carcinoma
TCGA-A8-A09G-01A-21W-A019-09,0.9773007118931621,2.424881636631067,Breast Invasive Carcinoma
TCGA-A8-A09I-01A-22W-A050-09,0.9680741076098232,2.100370545117563,Breast Invasive Carcinoma
TCGA-A8-A09M-01A-11W-A019-09,0.916621014983741,2.100370545117563,Breast Invasive Carcinoma
TCGA-A8-A09Q-01A-11W-A019-09,0.9181794828676021,2.1702617153949575,Breast Invasive Carcinoma
TCGA-A8-A09Z-01A-11W-A019-09,0.985558931425209,3.052693941924968,Breast Invasive Carcinoma
TCGA-A8-A0A7-01A-11W-A019-09,0.9864411738668546,2.3324384599156054,Breast Invasive Carcinoma
TCGA-AC-A23C-01A-12D-A167-09,0.9455531172317886,2.0086001717619175,Breast Invasive Carcinoma
TCGA-AC-A23H-01A-11D-A159-09,0.9929814972375721,3.6830470382388496,Breast Invasive Carcinoma
TCGA-AC-A5EH-01A-11D-A28B-09,0.8862596212633209,2.1583624920952498,Breast Invasive Carcinoma
TCGA-AC-A5XS-01A-11D-A29N-09,0.9877684586354786,2.677606952720493,Breast Invasive Carcinoma
TCGA-AC-A6IW-01A-12D-A33E-09,0.9393584091722798,2.1583624920952498,Breast Invasive Carcinoma
TCGA-AC-A8OP-01A-11D-A36J-09,0.9551224136607439,2.123851640967086,Breast Invasive Carcinoma
TCGA-AN-A046-01A-21W-A050-09,0.9839674288551756,3.7480328941301435,Breast Invasive Carcinoma
TCGA-AN-A0AK-01A-21W-A019-09,0.9876171787362703,3.048053173115609,Breast Invasive Carcinoma
TCGA-AN-A0AR-01A-11W-A019-09,0.8535820243003572,2.041392685158225,Breast Invasive Carcinoma
TCGA-AN-A0AT-01A-11D-A045-09,0.8812091084765171,2.0569048513364727,Breast Invasive Carcinoma
TCGA-AN-A0FL-01A-11W-A050-09,0.8615264399480076,2.1903316981702914,Breast Invasive Carcinoma
TCGA-AN-A0FT-01A-11W-A050-09,0.9503073998347099,2.0,Breast Invasive Carcinoma
TCGA-AN-A0FW-01A-11W-A050-09,0.8780356281630328,2.0253058652647704,Breast Invasive Carcinoma
TCGA-AN-A0XN-01A-21D-A10G-09,0.8845595409337942,2.1398790864012365,Breast Invasive Carcinoma
TCGA-AN-A0XU-01A-11D-A10G-09,0.8427492630367278,2.0453229787866576,Breast Invasive Carcinoma
TCGA-AN-A0XW-01A-11D-A10G-09,0.99179009432497,2.494154594018443,Breast Invasive Carcinoma
TCGA-AO-A0J4-01A-11W-A050-09,0.9510128434822717,2.037426497940624,Breast Invasive Carcinoma
TCGA-AO-A0J9-01A-11W-A050-09,0.9684841716843011,2.0755469613925306,Breast Invasive Carcinoma
TCGA-AO-A0JC-01A-11W-A071-09,0.9940251791955557,2.155336037465062,Breast Invasive Carcinoma
TCGA-AO-A0JD-01A-11W-A071-09,0.8610938303521901,2.041392685158225,Breast Invasive Carcinoma
TCGA-AO-A124-01A-11D-A10M-09,0.8868721691360669,2.089905111439398,Breast Invasive Carcinoma
TCGA-AO-A128-01A-11D-A10M-09,0.9814683615174692,2.975431808509263,Breast Invasive Carcinoma
TCGA-AR-A0TX-01A-11D-A099-09,0.9839020292046163,2.4885507165004443,Breast Invasive Carcinoma
TCGA-AR-A24H-01A-11D-A167-09,0.8697726067270891,2.0827853703164503,Breast Invasive Carcinoma
TCGA-AR-A24Q-01A-12D-A167-09,0.9130625777703725,2.2174839442139063,Breast Invasive Carcinoma
TCGA-AR-A250-01A-31D-A167-09,0.9460218192614125,2.012837224705172,Breast Invasive Carcinoma
TCGA-AR-A251-01A-12D-A167-09,0.8939416780194782,2.1931245983544616,Breast Invasive Carcinoma
TCGA-AR-A256-01A-11D-A167-09,0.8886160359710066,2.2430380486862944,Breast Invasive Carcinoma
TCGA-AR-A2LE-01A-11D-A17W-09,0.9931222808390924,2.4742162640762553,Breast Invasive Carcinoma
TCGA-B0-4698-01A-01D-1501-10,0.9624893103315187,2.639486489268586,Kidney Renal Clear Cell Carcinoma
TCGA-B0-4823-01A-02D-1421-08,0.8651634199645565,2.0211892990699383,Kidney Renal Clear Cell Carcinoma
TCGA-B0-5098-01A-01D-1421-08,0.9722926157277347,2.7520484478194387,Kidney Renal Clear Cell Carcinoma
TCGA-B6-A0I8-01A-11W-A050-09,0.8675556236720315,2.0043213737826426,Breast Invasive Carcinoma
TCGA-B6-A0IJ-01A-11W-A050-09,0.8965590852777996,2.123851640967086,Breast Invasive Carcinoma
TCGA-B6-A0IK-01A-12W-A071-09,0.9819609603733671,2.143014800254095,Breast Invasive Carcinoma
TCGA-B6-A0RE-01A-11W-A071-09,0.9316614580355139,2.173186268412274,Breast Invasive Carcinoma
TCGA-B6-A0RS-01A-11D-A099-09,0.9130252879015147,2.1522883443830563,Breast Invasive Carcinoma
TCGA-BH-A0AW-01A-11W-A071-09,0.9810070969383864,2.184691430817599,Breast Invasive Carcinoma
TCGA-BH-A0B6-01A-11D-A19Y-09,0.9948191724745723,2.8992731873176036,Breast Invasive Carcinoma
TCGA-BH-A0BP-01A-11D-A10Y-09,0.9395070014468786,2.161368002234975,Breast Invasive Carcinoma
TCGA-BH-A0BZ-01A-31D-A12Q-09,0.950396992074656,2.3502480183341627,Breast Invasive Carcinoma
TCGA-BH-A0DZ-01A-11W-A019-09,0.9962965144704234,2.439332693830263,Breast Invasive Carcinoma
TCGA-BH-A0EE-01A-11W-A050-09,0.9793218101378857,2.03342375548695,Breast Invasive Carcinoma
TCGA-BH-A0HA-01A-11D-A12Q-09,0.984784137580477,2.428134794028789,Breast Invasive Carcinoma
TCGA-BH-A0HF-01A-11W-A071-09,0.9844352363381629,3.053462604925455,Breast Invasive Carcinoma
TCGA-BH-A0HK-01A-11W-A071-09,0.9775492019162341,2.0086001717619175,Breast Invasive Carcinoma
TCGA-BH-A0HP-01A-12D-A099-09,0.9943562132231751,2.439332693830263,Breast Invasive Carcinoma
TCGA-BH-A0W7-01A-11D-A10Y-09,0.9927386465143551,2.305351369446624,Breast Invasive Carcinoma
TCGA-BH-A18G-01A-11D-A12B-09,0.9911535178721075,3.0948203803548,Breast Invasive Carcinoma
TCGA-BH-A18P-01A-11D-A12B-09,0.9884260918732575,2.4913616938342726,Breast Invasive Carcinoma
TCGA-BH-A18U-01A-21D-A12B-09,0.9771492334429999,2.100370545117563,Breast Invasive Carcinoma
TCGA-BH-A18V-01A-11D-A12B-09,0.9485716354945527,2.2764618041732443,Breast Invasive Carcinoma
TCGA-BH-A18V-06A-11D-A20S-09,0.96670303521722,2.342422680822206,Breast Invasive Carcinoma
TCGA-BH-A1F8-01A-11D-A13L-09,0.9873365873042297,2.164352855784437,Breast Invasive Carcinoma
TCGA-BH-A1FN-01A-11D-A13L-09,0.9393657336579596,2.03342375548695,Breast Invasive Carcinoma
TCGA-BH-A2L8-01A-11D-A18P-09,0.9914166230311094,2.6665179805548807,Breast Invasive Carcinoma
TCGA-BP-5168-01A-01D-1421-08,0.8651877780502479,2.0211892990699383,Kidney Renal Clear Cell Carcinoma
TCGA-BP-5176-01A-01D-1429-08,0.8524876777120136,2.0,Kidney Renal Clear Cell Carcinoma
TCGA-C8-A12K-01A-21D-A10Y-09,0.9211852773375117,2.093421685162235,Breast Invasive Carcinoma
TCGA-C8-A12P-01A-11D-A10Y-09,0.9815215021941492,2.1986570869544226,Breast Invasive Carcinoma
TCGA-C8-A12Q-01A-11D-A10Y-09,0.9754626633489628,2.041392685158225,Breast Invasive Carcinoma
TCGA-C8-A12T-01A-11D-A10Y-09,0.9852305606863409,2.1986570869544226,Breast Invasive Carcinoma
TCGA-C8-A1HJ-01A-11D-A13L-09,0.8538793220036596,2.0086001717619175,Breast Invasive Carcinoma
TCGA-C8-A1HM-01A-12D-A135-09,0.989703706208391,2.5289167002776547,Breast Invasive Carcinoma
TCGA-C8-A26Y-01A-11D-A16D-09,0.9930871181415037,2.842609239610562,Breast Invasive Carcinoma
TCGA-C8-A274-01A-11D-A16D-09,0.9804384798609306,2.3010299956639813,Breast Invasive Carcinoma
TCGA-C8-A275-01A-21D-A16D-09,0.9720855604112495,2.0453229787866576,Breast Invasive Carcinoma
TCGA-C8-A27B-01A-11D-A167-09,0.9516463725563808,2.130333768495006,Breast Invasive Carcinoma
TCGA-C8-A8HP-01A-11D-A36J-09,0.9925994661623746,2.2013971243204513,Breast Invasive Carcinoma
TCGA-C8-A8HQ-01A-11D-A36J-09,0.986076573934627,2.3820170425748683,Breast Invasive Carcinoma
TCGA-CJ-4920-01A-01D-1429-08,0.9062306750421272,2.0718820073061255,Kidney Renal Clear Cell Carcinoma
TCGA-CJ-6030-01A-11D-1669-08,0.8980234660967302,2.0,Kidney Renal Clear Cell Carcinoma
TCGA-CZ-5468-01A-01D-1501-10,0.8870656723370017,2.0827853703164503,Kidney Renal Clear Cell Carcinoma
TCGA-D8-A142-01A-11D-A10Y-09,0.9317897792011284,2.0827853703164503,Breast Invasive Carcinoma
TCGA-D8-A147-01A-11D-A10Y-09,0.9339051858399503,2.161368002234975,Breast Invasive Carcinoma
TCGA-D8-A1J8-01A-11D-A13L-09,0.9846021064619569,2.8686444383948255,Breast Invasive Carcinoma
TCGA-D8-A1J9-01A-11D-A13L-09,0.9733707942948262,2.292256071356476,Breast Invasive Carcinoma
TCGA-D8-A1JA-01A-11D-A13L-09,0.9716719144676077,2.9552065375419416,Breast Invasive Carcinoma
TCGA-D8-A1JG-01B-11D-A13L-09,0.9665144396967185,2.0827853703164503,Breast Invasive Carcinoma
TCGA-D8-A1JK-01A-11D-A13L-09,0.9087753590953482,2.290034611362518,Breast Invasive Carcinoma
TCGA-D8-A1JL-01A-11D-A13L-09,0.8520549754797007,2.0293837776852097,Breast Invasive Carcinoma
TCGA-D8-A1JN-01A-11D-A13L-09,0.9886669476524218,2.2095150145426308,Breast Invasive Carcinoma
TCGA-D8-A1JP-01A-11D-A13L-09,0.8824854508432414,2.037426497940624,Breast Invasive Carcinoma
TCGA-D8-A1XK-01A-21D-A14K-09,0.9479351071435771,2.9907826918031377,Breast Invasive Carcinoma
TCGA-D8-A1XQ-01A-11D-A14K-09,0.9843285061584365,2.8981764834976764,Breast Invasive Carcinoma
TCGA-D8-A1Y1-01A-21D-A14K-09,0.9900009477567149,2.2624510897304293,Breast Invasive Carcinoma
TCGA-D8-A27G-01A-11D-A16D-09,0.9911296941009916,2.9449759084120477,Breast Invasive Carcinoma
TCGA-D8-A27H-01A-11D-A16D-09,0.8641554026225325,2.100370545117563,Breast Invasive Carcinoma
TCGA-D8-A27V-01A-12D-A17D-09,0.976133163767514,2.214843848047698,Breast Invasive Carcinoma
TCGA-D8-A73U-01A-11D-A33E-09,0.9814973451480055,2.093421685162235,Breast Invasive Carcinoma
TCGA-E2-A10C-01A-21D-A10M-09,0.9943700199066156,2.571708831808688,Breast Invasive Carcinoma
TCGA-E2-A14R-01A-11D-A10Y-09,0.8503246525402062,2.0,Breast Invasive Carcinoma
TCGA-E2-A152-01A-11D-A12B-09,0.9637485312539401,2.0863598306747484,Breast Invasive Carcinoma
TCGA-E2-A159-01A-11D-A10Y-09,0.9682030562835675,2.1702617153949575,Breast Invasive Carcinoma
TCGA-E2-A1IN-01A-11D-A13L-09,0.9826573480554639,2.278753600952829,Breast Invasive Carcinoma
TCGA-E2-A1LG-01A-21D-A14K-09,0.9843182701347674,2.187520720836463,Breast Invasive Carcinoma
TCGA-E2-A1LH-01A-11D-A14G-09,0.9173165980192138,2.2278867046136734,Breast Invasive Carcinoma
TCGA-E2-A574-01A-11D-A29N-09,0.9608701807857407,2.037426497940624,Breast Invasive Carcinoma
TCGA-E9-A1R4-01A-21D-A14G-09,0.9349196634759944,2.0492180226701815,Breast Invasive Carcinoma
TCGA-E9-A1RF-01A-11D-A159-09,0.9220775128511257,2.130333768495006,Breast Invasive Carcinoma
TCGA-E9-A22E-01A-11D-A159-09,0.8688724064069148,2.0492180226701815,Breast Invasive Carcinoma
TCGA-EW-A1IZ-01A-11D-A188-09,0.9809495868895107,2.4927603890268375,Breast Invasive Carcinoma
TCGA-EW-A1J5-01A-11D-A13L-09,0.9912464833511829,2.629409599102719,Breast Invasive Carcinoma
TCGA-EW-A1PB-01A-11D-A142-09,0.931784670968561,2.1398790864012365,Breast Invasive Carcinoma
TCGA-GI-A2C8-01A-11D-A16D-09,0.910176641377384,2.0211892990699383,Breast Invasive Carcinoma
TCGA-GM-A2D9-01A-11D-A18P-09,0.997736683064683,2.673020907128896,Breast Invasive Carcinoma
TCGA-GM-A2DB-01A-31D-A19Y-09,0.8800041415011084,2.0293837776852097,Breast Invasive Carcinoma
TCGA-GM-A2DH-01A-11D-A17W-09,0.9614988250553633,2.230448921378274,Breast Invasive Carcinoma
TCGA-GM-A2DO-01A-11D-A19Y-09,0.9935928964616614,2.1931245983544616,Breast Invasive Carcinoma
TCGA-J2-8194-01A-11D-2238-08,0.9156965979869928,2.1367205671564067,Lung Adenocarcinoma
TCGA-J2-A4AD-01A-11D-A24D-08,0.9708280699089625,2.506505032404872,Lung Adenocarcinoma
TCGA-L4-A4E5-01A-11D-A24P-08,0.9516391810316931,2.5171958979499744,Lung Adenocarcinoma
TCGA-L9-A443-01A-12D-A24D-08,0.9083950370673467,2.3820170425748683,Lung Adenocarcinoma
TCGA-L9-A444-01A-21D-A24D-08,0.9661838880522229,2.7101173651118162,Lung Adenocarcinoma
TCGA-L9-A5IP-01A-21D-A397-08,0.95471995977742,2.459392487759231,Lung Adenocarcinoma
TCGA-L9-A743-01A-43D-A397-08,0.94881985606245,2.060697840353612,Lung Adenocarcinoma
TCGA-L9-A7SV-01A-11D-A397-08,0.9867387008799294,3.226342087163631,Lung Adenocarcinoma
TCGA-L9-A8F4-01A-11D-A397-08,0.9725123723967407,2.857935264719429,Lung Adenocarcinoma
TCGA-LD-A74U-01A-13D-A33E-09,0.9829541078219318,2.3344537511509307,Breast Invasive Carcinoma
TCGA-LL-A73Y-01A-11D-A33E-09,0.9741220711357554,2.089905111439398,Breast Invasive Carcinoma
TCGA-LL-A8F5-01A-11D-A36J-09,0.8907490659861039,2.113943352306837,Breast Invasive Carcinoma
TCGA-MN-A4N1-01A-11D-A24P-08,0.94922300720075,2.661812685537261,Lung Adenocarcinoma
TCGA-MN-A4N4-01A-12D-A24P-08,0.9833110177093626,3.167317334748176,Lung Adenocarcinoma
TCGA-MN-A4N5-01A-11D-A24P-08,0.9572713598220146,2.663700925389648,Lung Adenocarcinoma
TCGA-MP-A4SV-01A-11D-A24P-08,0.978229930566934,2.5276299008713385,Lung Adenocarcinoma
TCGA-MP-A4SY-01A-21D-A24P-08,0.9084049409388263,2.184691430817599,Lung Adenocarcinoma
TCGA-MP-A4T4-01A-11D-A25L-08,0.9721072012693067,2.552668216112193,Lung Adenocarcinoma
TCGA-MP-A4T7-01A-11D-A24P-08,0.8730789488948051,2.103803720955957,Lung Adenocarcinoma
TCGA-MP-A4T8-01A-11D-A24P-08,0.8975203687125086,2.037426497940624,Lung Adenocarcinoma
TCGA-MP-A4TA-01A-21D-A24P-08,0.9591777684212168,2.5403294747908736,Lung Adenocarcinoma
TCGA-MP-A4TC-01A-11D-A24P-08,0.9369781368601516,2.4099331233312946,Lung Adenocarcinoma
TCGA-MP-A4TE-01A-22D-A25L-08,0.9147276307224312,2.130333768495006,Lung Adenocarcinoma
TCGA-MP-A4TF-01A-11D-A25L-08,0.9563934801745625,2.591064607026499,Lung Adenocarcinoma
TCGA-MP-A4TH-01A-31D-A25L-08,0.8758571743049381,2.0,Lung Adenocarcinoma
TCGA-MP-A4TK-01A-11D-A24P-08,0.9709297190226928,2.537819095073274,Lung Adenocarcinoma
TCGA-NJ-A4YF-01A-12D-A25L-08,0.9717460551485246,2.787460474518415,Lung Adenocarcinoma
TCGA-NJ-A4YG-01A-22D-A25L-08,0.9401735525773464,2.184691430817599,Lung Adenocarcinoma
TCGA-NJ-A4YI-01A-11D-A25L-08,0.9801782135236342,2.670245853074124,Lung Adenocarcinoma
TCGA-NJ-A4YP-01A-11D-A25L-08,0.9901023054339275,2.7641761323903307,Lung Adenocarcinoma
TCGA-NJ-A4YQ-01A-11D-A25L-08,0.9823922581555888,3.041392685158225,Lung Adenocarcinoma
TCGA-NJ-A55O-01A-11D-A25L-08,0.8862080634689052,2.1072099696478683,Lung Adenocarcinoma
TCGA-NJ-A55R-01A-11D-A25L-08,0.939485378397816,2.4345689040341987,Lung Adenocarcinoma
TCGA-O1-A52J-01A-11D-A25L-08,0.941367894505309,2.214843848047698,Lung Adenocarcinoma
TCGA-OL-A5RW-01A-11D-A28B-09,0.9581350477293635,2.1986570869544226,Breast Invasive Carcinoma
TCGA-OL-A5RZ-01A-11D-A28B-09,0.9140519599142001,2.0043213737826426,Breast Invasive Carcinoma
TCGA-PE-A5DE-01A-11D-A27P-09,0.9906553065346652,2.6242820958356683,Breast Invasive Carcinoma
TCGA-PL-A8LV-01A-21D-A41F-09,0.8368259780686639,2.0,Breast Invasive Carcinoma
TCGA-S2-AA1A-01A-12D-A397-08,0.8879813800245584,2.0755469613925306,Lung Adenocarcinoma
TCGA-S3-AA10-01A-21D-A41F-09,0.8809338600026216,2.0253058652647704,Breast Invasive Carcinoma
TCGA-UU-A93S-01A-21D-A41F-09,0.9054104148141501,2.123851640967086,Breast Invasive Carcinoma
TCGA-XX-A89A-01A-11D-A36J-09,0.970408949879176,2.2095150145426308,Breast Invasive Carcinoma
